gen_name|best_bid_BIT|best_ask_BIT|best_ask_EXMO|best_bid_EXMO|best_bid_HTX|best_ask_HTX|best_ask_OKX|best_bid_OKX|best_bid_MEXC|best_ask_MEXC|min_ask|max_bid|arbitrage|percent
DEPUSDT|None|None|None|None|0.003057|0.003078|0.003072|0.003061|0.0030052|0.003026|(0.003026, 'MEXC')|(0.003061, 'OKX')|3.4999999999999875e-05|1.1566424322537963
ATOMUSDC|None|None|None|None|None|None|10.363|10.357|10.56926|10.63493|(10.363, 'OKX')|(10.56926, 'MEXC')|0.20626000000000033|1.9903502846666057
TURTUSDT|None|None|None|None|0.0249|0.025|None|None|0.01908|0.01915|(0.01915, 'MEXC')|(0.0249, 'HTX')|0.005749999999999998|30.026109660574402
MDXUSDT|None|None|None|None|0.0425|0.0429|None|None|0.05|0.05001|(0.0429, 'HTX')|(0.05, 'MEXC')|0.007100000000000002|16.550116550116556
CAPOUSDT|None|None|None|None|0.000422|0.000437|None|None|0.000628|0.0006422|(0.000437, 'HTX')|(0.000628, 'MEXC')|0.00019099999999999998|43.7070938215103
RADUSDT|None|None|None|None|2.0079|2.0082|None|None|2.099|2.102|(2.0082, 'HTX')|(2.099, 'MEXC')|0.09080000000000021|4.5214620057763275
FORUSDT|None|None|None|None|0.023219|0.023713|None|None|0.02381|0.02384|(0.023713, 'HTX')|(0.02381, 'MEXC')|9.699999999999986e-05|0.4090583224391678
XRPUSDT|0.5682|0.5687|0.568451|0.56782229|0.56811|0.56827|0.5686|0.5685|0.5579|0.558|(0.558, 'MEXC')|(0.5685, 'OKX')|0.010499999999999954|1.8817204301075183
ONTBTC|None|None|5.04e-06|4.9e-06|None|None|None|None|5.021e-06|5.042e-06|(5.04e-06, 'EXMO')|(5.021e-06, 'MEXC')|-1.9000000000000157e-08|-0.3769841269841301
SPRTUSDT|None|None|None|None|0.000387|0.000389|None|None|0.000505|0.0005096|(0.000389, 'HTX')|(0.000505, 'MEXC')|0.000116|29.820051413881743
COMPUSDT|58.7|58.77|None|None|58.8|58.84|58.76|58.73|61.1|61.11|(58.76, 'OKX')|(61.1, 'MEXC')|2.3400000000000034|3.982300884955758
SWEATUSDT|None|None|None|None|0.010772|0.010928|0.010801|0.010797|0.01102|0.011042|(0.010801, 'OKX')|(0.01102, 'MEXC')|0.00021900000000000044|2.0275900379594525
MLNUSDT|None|None|None|None|18.1366|18.4469|18.34|18.27|18.794|18.817|(18.34, 'OKX')|(18.794, 'MEXC')|0.4540000000000006|2.4754634678298837
MENGOUSDT|None|None|None|None|None|None|0.5802|0.5777|0.5915|0.6041|(0.5802, 'OKX')|(0.5915, 'MEXC')|0.011299999999999977|1.9476042743881379
TURBOUSDT|None|None|None|None|0.00036061|0.00036341|0.0003625|0.0003617|0.000354|0.0003543|(0.0003543, 'MEXC')|(0.0003617, 'OKX')|7.400000000000017e-06|2.0886254586508657
LTCUSDC|None|None|None|None|None|None|70.13|70.11|70.4|71.281|(70.13, 'OKX')|(70.4, 'MEXC')|0.27000000000001023|0.38499928703837194
AGLDUSDT|None|None|None|None|1.3617|1.3628|1.365|1.364|1.387|1.39|(1.3628, 'HTX')|(1.387, 'MEXC')|0.0242|1.7757557968887583
AMPUSDT|None|None|None|None|0.00369|0.003746|None|None|0.00382|0.003827|(0.003746, 'HTX')|(0.00382, 'MEXC')|7.399999999999985e-05|1.9754404698344858
ARGUSDT|None|None|None|None|1.63|1.6567|1.657|1.646|1.6341|1.6631|(1.6567, 'HTX')|(1.646, 'OKX')|-0.010700000000000154|-0.6458622562926392
FISUSDT|None|None|None|None|0.4485|0.453|None|None|8.3e-05|9.9e-05|(9.9e-05, 'MEXC')|(0.4485, 'HTX')|0.448401|452930.30303030304
CSPRUSDT|None|None|None|None|0.0379|0.038|0.03794|0.03792|0.03837|0.0384|(0.03794, 'OKX')|(0.03837, 'MEXC')|0.0004299999999999998|1.1333684765419079
ETHUSDC|None|None|None|None|2834.74|2837.82|2837.04|2836.94|2907.95|2909.89|(2837.04, 'OKX')|(2907.95, 'MEXC')|70.90999999999985|2.499436031920588
MCRTUSDT|None|None|None|None|0.002259|0.002265|None|None|0.00199|0.002005|(0.002005, 'MEXC')|(0.002259, 'HTX')|0.0002540000000000003|12.668329177057375
TRXBTC|None|None|2.56e-06|2.51e-06|2.5366e-06|2.5382e-06|2.54e-06|2.537e-06|2.58e-06|2.598e-06|(2.5382e-06, 'HTX')|(2.58e-06, 'MEXC')|4.179999999999975e-08|1.646836340713882
TAMAUSDT|1e-05|0.005|None|None|None|None|0.00585|0.0058|0.005952|0.006035|(0.005, 'BIT')|(0.005952, 'MEXC')|0.0009519999999999997|19.039999999999996
DAIUSDT|None|None|1.001|0.998|1.0001|1.0003|0.9999|0.9998|0.9995|0.9996|(0.9996, 'MEXC')|(1.0001, 'HTX')|0.0004999999999999449|0.05002000800319577
WBTCUSDT|None|None|None|None|None|None|51890.3|51770.7|52149.2|52282.0|(51890.3, 'OKX')|(52149.2, 'MEXC')|258.8999999999942|0.4989371809374665
MAVIAUSDT|None|None|None|None|8.5124|8.5264|None|None|9.9787|10.0263|(8.5264, 'HTX')|(9.9787, 'MEXC')|1.4522999999999993|17.032979921185955
NAKAUSDT|None|None|None|None|1.9808|1.9898|None|None|1.981|1.9926|(1.9898, 'HTX')|(1.981, 'MEXC')|-0.008799999999999919|-0.44225550306563066
ARPAUSDT|None|None|None|None|0.062965|0.063113|None|None|0.06736|0.06826|(0.063113, 'HTX')|(0.06736, 'MEXC')|0.004247000000000001|6.729200006337839
NKNUSDT|None|None|None|None|0.121788|0.121881|None|None|0.12715|0.12736|(0.121881, 'HTX')|(0.12715, 'MEXC')|0.00526900000000001|4.323069223258761
VRAUSDT|None|None|None|None|0.007377|0.007387|0.007371|0.007368|0.007574|0.007577|(0.007371, 'OKX')|(0.007574, 'MEXC')|0.00020300000000000006|2.7540360873694216
USDDUSDC|None|None|None|None|1.00025|1.00125|None|None|0.9972|0.9999|(0.9999, 'MEXC')|(1.00025, 'HTX')|0.0003500000000000725|0.03500350035004225
WIFIUSDT|None|None|None|None|0.123616|0.125097|0.1246|0.1241|None|None|(0.1246, 'OKX')|(0.1241, 'OKX')|-0.0005000000000000004|-0.40128410914927803
CETUSUSDT|None|None|None|None|None|None|0.13205|0.132|0.12452|0.12462|(0.12462, 'MEXC')|(0.132, 'OKX')|0.0073800000000000116|5.922002888781906
FIOUSDT|None|None|None|None|0.030216|0.030253|None|None|0.03454|0.03466|(0.030253, 'HTX')|(0.03454, 'MEXC')|0.004287000000000003|14.170495488050781
RLYUSDT|None|None|None|None|0.006757|0.007006|None|None|0.006445|0.006748|(0.006748, 'MEXC')|(0.006757, 'HTX')|9.000000000000327e-06|0.13337285121517972
BONKUSDT|None|None|None|None|1.39495e-05|1.3963e-05|1.3956e-05|1.3945e-05|1.296e-05|1.297e-05|(1.297e-05, 'MEXC')|(1.39495e-05, 'HTX')|9.794999999999997e-07|7.552043176561293
BCHUSDC|None|None|None|None|None|None|269.6|269.5|268.71|270.46|(269.6, 'OKX')|(269.5, 'OKX')|-0.10000000000002274|-0.037091988130572226
GRAILUSDT|None|None|None|None|1767.69|1795.95|None|None|1851.35|1887.2|(1795.95, 'HTX')|(1851.35, 'MEXC')|55.399999999999864|3.0847183941646406
PSTAKEUSDT|None|None|None|None|0.0424|0.0429|0.04267|0.04242|0.0421|0.0425|(0.0425, 'MEXC')|(0.04242, 'OKX')|-8.000000000000368e-05|-0.18823529411765572
KLAYUSDC|None|None|None|None|None|None|0.2313|0.2307|0.22834|0.22984|(0.22984, 'MEXC')|(0.2307, 'OKX')|0.0008599999999999997|0.3741733379742428
ADAUSDC|None|None|None|None|None|None|0.6012|0.6009|0.62538|0.629108|(0.6012, 'OKX')|(0.62538, 'MEXC')|0.02418000000000009|4.021956087824367
RENUSDT|None|None|None|None|0.066288|0.066348|0.06631|0.0663|0.06758|0.06764|(0.06631, 'OKX')|(0.06758, 'MEXC')|0.0012700000000000072|1.9152465691449365
WBTCBTC|None|None|None|None|0.9928|1.0048|0.9987|0.9983|None|None|(0.9987, 'OKX')|(0.9983, 'OKX')|-0.00040000000000006697|-0.0400520676880011
GROKUSDT|None|None|None|None|0.005453|0.005487|None|None|0.004794|0.004814|(0.004814, 'MEXC')|(0.005453, 'HTX')|0.0006390000000000007|13.273784794349828
GQUSDT|None|None|None|None|0.001863|0.001881|None|None|0.001937|0.00195|(0.001881, 'HTX')|(0.001937, 'MEXC')|5.599999999999984e-05|2.9771398192450738
ALICEUSDT|None|None|None|None|1.2969|1.2993|None|None|1.364|1.365|(1.2993, 'HTX')|(1.364, 'MEXC')|0.0647000000000002|4.979604402370523
BLZUSDT|None|None|None|None|0.3338|0.3341|None|None|0.3866|0.3868|(0.3341, 'HTX')|(0.3866, 'MEXC')|0.05249999999999999|15.713858126309486
EOSUSDT|None|None|0.78169|0.7812|0.7751|0.7754|0.7756|0.7755|0.776|0.777|(0.7754, 'HTX')|(0.7812, 'EXMO')|0.005800000000000027|0.7480010317255645
LQTYUSDT|None|None|None|None|1.4981|1.4989|1.498|1.497|1.514|1.517|(1.498, 'OKX')|(1.514, 'MEXC')|0.016000000000000014|1.068090787716957
RDNTUSDT|None|None|None|None|0.3174|0.3175|0.3176|0.3174|0.3275|0.3288|(0.3175, 'HTX')|(0.3275, 'MEXC')|0.010000000000000009|3.1496062992126013
VISIONUSDT|None|None|None|None|0.0052646|0.0053459|None|None|0.0074376|0.0074751|(0.0053459, 'HTX')|(0.0074376, 'MEXC')|0.0020917|39.12718157840589
AUCTIONUSDT|None|None|None|None|33.2179|33.2664|33.284|33.27|32.359|32.36|(32.36, 'MEXC')|(33.27, 'OKX')|0.9100000000000037|2.81211372064278
ZRXUSDT|None|None|None|None|0.3454|0.3457|0.3452|0.3451|0.356|0.3564|(0.3452, 'OKX')|(0.356, 'MEXC')|0.010799999999999976|3.1286210892236315
RSS3USDT|0.0001|0.1467|None|None|0.144|0.1459|0.1456|0.1453|0.2131|0.2136|(0.1456, 'OKX')|(0.2131, 'MEXC')|0.0675|46.35989010989011
EVERUSDT|None|None|None|None|0.051253|0.052499|None|None|0.05199|0.05255|(0.052499, 'HTX')|(0.05199, 'MEXC')|-0.0005089999999999956|-0.9695422769957439
YGGUSDT|None|None|None|None|0.5089|0.5093|0.51|0.5097|0.5307|0.5308|(0.5093, 'HTX')|(0.5307, 'MEXC')|0.021399999999999975|4.201845670528171
LINAUSDT|None|None|None|None|0.009019|0.009036|None|None|0.009375|0.009376|(0.009036, 'HTX')|(0.009375, 'MEXC')|0.000338999999999999|3.751660026560414
SSVUSDT|None|None|None|None|32.5934|32.6123|32.61|32.6|34.231|34.812|(32.61, 'OKX')|(34.231, 'MEXC')|1.6210000000000022|4.970867831953395
DYDXUSDT|3.206|3.211|None|None|3.2101|3.2143|3.209|3.208|3.178|3.179|(3.179, 'MEXC')|(3.2101, 'HTX')|0.03110000000000035|0.9782950613400551
PONKEUSDT|None|None|None|None|0.024903|0.025036|None|None|0.04721|0.04766|(0.025036, 'HTX')|(0.04721, 'MEXC')|0.022174000000000003|88.56846141556161
XTZUSDT|None|None|None|None|1.0787|1.0804|1.0792|1.0789|1.074|1.077|(1.077, 'MEXC')|(1.0789, 'OKX')|0.0019000000000000128|0.1764159702878378
C98USDT|None|None|None|None|0.2898|0.2902|None|None|0.3457|0.3459|(0.2902, 'HTX')|(0.3457, 'MEXC')|0.055499999999999994|19.124741557546514
LINKUSDT|20.12|20.22|20.1605|20.0635|20.1526|20.1615|20.168|20.164|19.868|19.869|(19.869, 'MEXC')|(20.164, 'OKX')|0.2950000000000017|1.484724948412108
NUMUSDT|None|None|None|None|0.0443|0.0446|None|None|0.05815|0.05909|(0.0446, 'HTX')|(0.05815, 'MEXC')|0.01355|30.38116591928251
BITCIUSDT|None|None|None|None|0.001571|0.00159|None|None|0.001517|0.001519|(0.001519, 'MEXC')|(0.001571, 'HTX')|5.199999999999996e-05|3.4233048057932827
IQUSDT|None|None|None|None|None|None|0.00534|0.00531|0.006029|0.006043|(0.00534, 'OKX')|(0.006029, 'MEXC')|0.0006889999999999995|12.902621722846431
GLMRUSDT|None|None|None|None|0.4307|0.4312|0.4313|0.4311|0.4463|0.4466|(0.4312, 'HTX')|(0.4463, 'MEXC')|0.015099999999999947|3.5018552875695605
BTCRUB|None|None|4734000.0|4720000.01|4634603.06|4999999.98|None|None|None|None|(4734000.0, 'EXMO')|(4720000.01, 'EXMO')|-13999.990000000224|-0.2957327841149181
LSDUSDT|None|None|None|None|8.5022|8.506|None|None|0.012261|0.01291|(0.01291, 'MEXC')|(8.5022, 'HTX')|8.48929|65757.4748257165
USDDUSDT|None|None|None|None|0.99949|0.99959|None|None|0.9981|0.9983|(0.9983, 'MEXC')|(0.99949, 'HTX')|0.0011900000000000244|0.11920264449564504
MBLUSDT|None|None|None|None|0.004048|0.004131|None|None|0.004593|0.004595|(0.004131, 'HTX')|(0.004593, 'MEXC')|0.00046199999999999974|11.183732752360198
WINUSDT|None|None|None|None|0.00010949|0.00010968|0.0001098|0.0001096|0.00011022|0.00011127|(0.00010968, 'HTX')|(0.00011022, 'MEXC')|5.40000000000005e-07|0.49234135667396517
APTUSDT|None|None|None|None|10.1557|10.1602|10.1666|10.1621|9.9416|9.9417|(9.9417, 'MEXC')|(10.1621, 'OKX')|0.2203999999999997|2.216924670830941
LITHUSDT|None|None|None|None|0.000872|0.000882|0.000872|0.000871|0.0011381|0.0011682|(0.000872, 'OKX')|(0.0011381, 'MEXC')|0.0002660999999999999|30.516055045871546
MNTUSDT|None|None|None|None|0.7618|0.7714|None|None|0.7845|0.7863|(0.7714, 'HTX')|(0.7845, 'MEXC')|0.0131|1.6982110448535133
JOEUSDT|None|None|None|None|0.536|0.5368|0.5363|0.5362|0.5544|0.5546|(0.5363, 'OKX')|(0.5544, 'MEXC')|0.018100000000000005|3.374976692149917
SISUSDT|None|None|None|None|0.3483|0.3505|0.3498|0.3489|None|None|(0.3498, 'OKX')|(0.3489, 'OKX')|-0.0009000000000000119|-0.2572898799313928
SPELLUSDT|None|None|None|None|0.000593|0.000595|0.0005919|0.0005909|0.000616|0.0006161|(0.0005919, 'OKX')|(0.000616, 'MEXC')|2.409999999999999e-05|4.071633721912483
CBKUSDT|None|None|None|None|0.8001|0.8075|None|None|0.8505|0.8675|(0.8075, 'HTX')|(0.8505, 'MEXC')|0.04300000000000004|5.3250773993808105
NEARUSDC|None|None|None|None|None|None|3.393|3.392|3.518|3.542|(3.393, 'OKX')|(3.518, 'MEXC')|0.125|3.6840554081933394
PERPUSDT|None|None|None|None|1.2443|1.2497|1.2554|1.255|1.34147|1.34148|(1.2497, 'HTX')|(1.34147, 'MEXC')|0.09176999999999991|7.343362406977667
SCRTUSDT|None|None|None|None|0.4254|0.4303|None|None|0.4339|0.4385|(0.4303, 'HTX')|(0.4339, 'MEXC')|0.003599999999999992|0.8366256100395054
AIUSDT|None|None|None|None|1.6841|1.6895|None|None|1.8184|1.8196|(1.6895, 'HTX')|(1.8184, 'MEXC')|0.12890000000000001|7.6294761763835455
GMTUSDT|0.273|0.275|0.388082|0.378122|0.2735|0.2738|0.2737|0.2735|0.35003|0.379|(0.2737, 'OKX')|(0.378122, 'EXMO')|0.10442200000000001|38.151991231275126
SDNUSDT|None|None|None|None|0.3921|0.4005|None|None|0.3949|0.396|(0.396, 'MEXC')|(0.3949, 'MEXC')|-0.0011000000000000454|-0.2777777777777892
KARUSDT|None|None|None|None|None|None|0.204|0.2031|0.19762|0.20148|(0.20148, 'MEXC')|(0.2031, 'OKX')|0.0016200000000000103|0.8040500297796359
ROUTEUSDT|None|None|None|None|4.0944|4.0982|None|None|3.856|3.877|(3.877, 'MEXC')|(4.0944, 'HTX')|0.21740000000000048|5.6074284240392185
CAWUSDT|None|None|None|None|7.348e-08|7.37e-08|None|None|1.13e-07|1.13778e-07|(7.37e-08, 'HTX')|(1.13e-07, 'MEXC')|3.93e-08|53.324287652645864
USDTTRY|None|None|None|None|31.296|31.297|30.9|30.89|None|None|(30.9, 'OKX')|(31.296, 'HTX')|0.3960000000000008|1.281553398058255
SYSUSDT|None|None|None|None|0.1392|0.1424|None|None|0.13954|0.13977|(0.13977, 'MEXC')|(0.13954, 'MEXC')|-0.00023000000000000798|-0.16455605637834153
CGPTUSDT|None|None|None|None|0.2334|0.23432|None|None|0.293852|0.29558|(0.23432, 'HTX')|(0.293852, 'MEXC')|0.059532|25.406282007511095
SANDUSDT|0.4984|0.4991|None|None|0.498715|0.49886|0.4989|0.4987|0.5081|0.5082|(0.49886, 'HTX')|(0.5081, 'MEXC')|0.00923999999999997|1.8522230685963939
XAUTUSDT|1999.0|2007.0|2002.9999|1998.1574|2000.81|2005.23|2003.8|2002.1|1997.61|2010.0|(2002.9999, 'EXMO')|(2002.1, 'OKX')|-0.899900000000116|-0.04492761083014113
ELONUSDT|None|None|None|None|1.61e-07|1.62e-07|1.671e-07|1.668e-07|1.642e-07|1.644e-07|(1.62e-07, 'HTX')|(1.668e-07, 'OKX')|4.8000000000000165e-09|2.9629629629629735
CHZBTC|None|None|2.12e-06|2.04e-06|None|None|2.094e-06|2.091e-06|None|None|(2.094e-06, 'OKX')|(2.091e-06, 'OKX')|-3.0000000000002254e-09|-0.1432664756447099
WIFUSDT|None|None|None|None|0.4014|0.4021|None|None|0.38707|0.38855|(0.38855, 'MEXC')|(0.4014, 'HTX')|0.012849999999999973|3.307167674687935
SAROSUSDT|None|None|None|None|0.009016|0.009107|None|None|0.009501|0.009655|(0.009107, 'HTX')|(0.009501, 'MEXC')|0.00039400000000000025|4.326342373998026
SMILEYUSDT|None|None|None|None|4.4e-12|4.43e-12|None|None|4.2e-12|4.22e-12|(4.22e-12, 'MEXC')|(4.4e-12, 'HTX')|1.7999999999999964e-13|4.265402843601887
XPRUSDT|None|None|None|None|None|None|0.001027|0.001026|0.001049|0.0010596|(0.001027, 'OKX')|(0.001049, 'MEXC')|2.20000000000001e-05|2.1421616358325317
ZUZALUUSDT|None|None|None|None|0.003031|0.003053|None|None|0.003085|0.003128|(0.003053, 'HTX')|(0.003085, 'MEXC')|3.199999999999991e-05|1.04814936128398
BCHUSDT|269.49|269.61|269.45|269.1066|269.53|269.63|269.5|269.4|269.5|269.6|(269.45, 'EXMO')|(269.53, 'HTX')|0.07999999999998408|0.02969010948227281
BLURUSDT|None|None|None|None|0.7353|0.7359|0.7361|0.7358|0.7888|0.7889|(0.7359, 'HTX')|(0.7888, 'MEXC')|0.05289999999999995|7.188476695203145
FXUSDT|None|None|None|None|0.1442|0.1469|None|None|0.1528|0.1554|(0.1469, 'HTX')|(0.1528, 'MEXC')|0.005899999999999989|4.016337644656221
LAMBUSDT|None|None|None|None|0.002125|0.002204|0.002154|0.002153|0.002458|0.002535|(0.002154, 'OKX')|(0.002458, 'MEXC')|0.000304|14.113277623026928
LUNCUSDT|None|None|None|None|0.0001282|0.00012828|0.00013037|0.00013034|0.00013099|0.00013101|(0.00012828, 'HTX')|(0.00013099, 'MEXC')|2.709999999999979e-06|2.112566261303382
ELFUSDT|None|None|None|None|0.6122|0.6128|0.612|0.6118|0.6319|0.6325|(0.612, 'OKX')|(0.6319, 'MEXC')|0.01990000000000003|3.2516339869281095
OXTUSDT|None|None|None|None|0.1056|0.1057|0.1058|0.1056|0.1193|0.1194|(0.1057, 'HTX')|(0.1193, 'MEXC')|0.013600000000000001|12.866603595080417
LRCUSDT|None|None|None|None|0.2538|0.254|0.2543|0.2542|0.26073|0.26087|(0.254, 'HTX')|(0.26073, 'MEXC')|0.006730000000000014|2.649606299212604
RAINUSDT|None|None|None|None|0.00105|0.0010604|None|None|0.00161|0.0016699|(0.0010604, 'HTX')|(0.00161, 'MEXC')|0.0005496000000000001|51.82949830252736
FANCUSDT|None|None|None|None|0.01171|0.0118|None|None|0.01132|0.01158|(0.01158, 'MEXC')|(0.01171, 'HTX')|0.0001299999999999999|1.1226252158894638
FILUSDC|None|None|None|None|None|None|5.931|5.93|6.5382|6.6128|(5.931, 'OKX')|(6.5382, 'MEXC')|0.6071999999999997|10.237733940313602
RAYUSDT|None|None|None|None|None|None|1.0731|1.071|1.1113|1.1122|(1.0731, 'OKX')|(1.1113, 'MEXC')|0.03820000000000001|3.5597800764141287
WOJAKUSDT|None|None|None|None|0.00028003|0.00028289|None|None|0.00027628|0.00027913|(0.00027913, 'MEXC')|(0.00028003, 'HTX')|9.000000000000219e-07|0.322430408770115
SHIBUSDT|9.92e-06|9.93e-06|9.95e-06|9.91e-06|9.93e-06|9.94e-06|9.934e-06|9.931e-06|9.76e-06|9.77e-06|(9.77e-06, 'MEXC')|(9.931e-06, 'OKX')|1.6100000000000066e-07|1.6479017400204776
ASTRUSDT|None|None|None|None|0.173503|0.173734|0.17359|0.1735|0.1764|0.1765|(0.17359, 'OKX')|(0.1764, 'MEXC')|0.002810000000000007|1.6187568408318491
NMRUSDT|None|None|None|None|None|None|29.2|29.16|36.26|36.31|(29.2, 'OKX')|(36.26, 'MEXC')|7.059999999999999|24.178082191780817
API3USDT|None|None|None|None|4.3583|4.3636|4.365|4.36|4.099|4.1|(4.1, 'MEXC')|(4.36, 'OKX')|0.2600000000000007|6.3414634146341635
LBRUSDT|None|None|None|None|None|None|0.405|0.403|0.429|0.441|(0.405, 'OKX')|(0.429, 'MEXC')|0.023999999999999966|5.925925925925918
GNOUSDT|None|None|None|None|280.4386|282.0344|None|None|300.3|301.2|(282.0344, 'HTX')|(300.3, 'MEXC')|18.265600000000006|6.476373094913247
UNFIUSDT|None|None|None|None|6.5826|6.636|None|None|6.845|6.846|(6.636, 'HTX')|(6.845, 'MEXC')|0.20899999999999963|3.1494876431585235
KINEUSDT|None|None|None|None|None|None|0.1337|0.1335|0.13287|0.13714|(0.1337, 'OKX')|(0.1335, 'OKX')|-0.00020000000000000573|-0.14958863126402822
TRXUSDT|0.1316|0.1318|0.13232125|0.1313366|0.131705|0.131728|0.13174|0.13173|0.13534|0.13535|(0.131728, 'HTX')|(0.13534, 'MEXC')|0.0036119999999999763|2.7420138467144235
VELODROMEUSDT|None|None|None|None|None|None|0.05111|0.051|0.05165|0.05199|(0.05111, 'OKX')|(0.05165, 'MEXC')|0.0005399999999999988|1.0565447074936387
TRXUSDC|None|None|None|None|0.13177|0.131925|0.13181|0.13176|0.135996|0.136189|(0.13181, 'OKX')|(0.135996, 'MEXC')|0.004185999999999995|3.1757833244822056
THETAUSDT|None|None|None|None|1.1278|1.1284|1.1285|1.1282|None|None|(1.1284, 'HTX')|(1.1282, 'OKX')|-0.00019999999999997797|-0.017724211272596418
ZKBUSDT|None|None|None|None|0.048978|0.049806|None|None|0.04376|0.04492|(0.04492, 'MEXC')|(0.048978, 'HTX')|0.004057999999999999|9.033837934105074
ANMLUSDT|None|None|None|None|0.000502|0.000508|None|None|0.0004666|0.0004759|(0.0004759, 'MEXC')|(0.000502, 'HTX')|2.609999999999993e-05|5.484345450724927
GHSTUSDT|None|None|None|None|1.0303|1.0466|1.045|1.039|1.0382|1.0406|(1.0406, 'MEXC')|(1.039, 'OKX')|-0.0016000000000000458|-0.1537574476263738
SUIUSDT|None|None|1.837|1.77514102|1.8343|1.8354|1.8365|1.8363|1.7968|1.7977|(1.7977, 'MEXC')|(1.8363, 'OKX')|0.03859999999999997|2.1471880736496614
LEASHUSDT|279.3|281.9|None|None|None|None|281.4|280.1|None|None|(281.4, 'OKX')|(280.1, 'OKX')|-1.2999999999999545|-0.46197583511014734
KISHUUSDT|None|None|None|None|None|None|3.04e-10|3.03e-10|3.05e-10|3.068e-10|(3.04e-10, 'OKX')|(3.05e-10, 'MEXC')|9.999999999999965e-13|0.3289473684210515
XECUSDT|None|None|None|None|3.464e-05|3.468e-05|3.464e-05|3.458e-05|3.39e-05|3.392e-05|(3.392e-05, 'MEXC')|(3.464e-05, 'HTX')|7.199999999999999e-07|2.122641509433962
WLDUSDT|3.79|3.803|None|None|3.788|3.8|3.795|3.791|7.375|7.376|(3.795, 'OKX')|(7.375, 'MEXC')|3.58|94.33465085638998
CVXUSDT|None|None|None|None|3.6183|3.631|3.624|3.619|4.179|4.184|(3.624, 'OKX')|(4.179, 'MEXC')|0.5550000000000002|15.314569536423845
PUSHUSDT|None|None|None|None|0.2284|0.2285|None|None|0.222|0.2225|(0.2225, 'MEXC')|(0.2284, 'HTX')|0.005899999999999989|2.651685393258422
SCUSDT|None|None|None|None|0.011239|0.011279|0.011295|0.011281|0.01326|0.013394|(0.011279, 'HTX')|(0.01326, 'MEXC')|0.0019809999999999984|17.563613795549234
VINUUSDT|None|None|None|None|1.201e-08|1.2069e-08|None|None|1.2558e-08|1.2624e-08|(1.2069e-08, 'HTX')|(1.2558e-08, 'MEXC')|4.890000000000003e-10|4.051702709420832
WSMUSDT|None|None|None|None|0.00809|0.008241|0.00808|0.00807|None|None|(0.00808, 'OKX')|(0.00809, 'HTX')|9.999999999999593e-06|0.12376237623761871
1CATUSDT|None|None|None|None|0.005045|0.005086|None|None|0.006101|0.00614|(0.005086, 'HTX')|(0.006101, 'MEXC')|0.0010149999999999994|19.95674400314588
FIROUSDT|None|None|None|None|1.599|1.6223|None|None|1.793|1.807|(1.6223, 'HTX')|(1.793, 'MEXC')|0.17069999999999985|10.52209825556308
PLAUSDT|None|None|None|None|0.1163|0.1184|None|None|0.1513|0.1516|(0.1184, 'HTX')|(0.1513, 'MEXC')|0.032899999999999985|27.787162162162147
PLCUCUSDT|None|None|42.5|35.00000042|None|None|None|None|63.77|66.97|(42.5, 'EXMO')|(63.77, 'MEXC')|21.270000000000003|50.047058823529426
IGUUSDT|None|None|None|None|0.032|0.0321|0.03186|0.03179|0.03299|0.03314|(0.03186, 'OKX')|(0.03299, 'MEXC')|0.001129999999999999|3.546767106089137
OSMOUSDT|None|None|None|None|1.6142|1.6194|None|None|1.611|1.6198|(1.6194, 'HTX')|(1.6142, 'HTX')|-0.005199999999999871|-0.32110658268493714
CHZUSDT|0.1085|0.1087|0.10872|0.10487801|0.108528|0.108644|0.10863|0.10861|0.11419|0.11422|(0.10863, 'OKX')|(0.11419, 'MEXC')|0.0055599999999999955|5.118291448034609
VICUSDT|None|None|None|None|0.7564|0.7583|None|None|0.8003|0.8014|(0.7583, 'HTX')|(0.8003, 'MEXC')|0.04200000000000004|5.538704998021896
CELOUSDT|None|None|None|None|0.7677|0.7689|0.7688|0.7687|0.7739|0.7742|(0.7688, 'OKX')|(0.7739, 'MEXC')|0.005099999999999993|0.6633714880332977
BSVUSDT|None|None|None|None|79.8416|79.9262|79.83|79.82|77.67|77.68|(77.68, 'MEXC')|(79.8416, 'HTX')|2.161599999999993|2.782698249227591
WAXLUSDT|None|None|None|None|1.25203|1.25789|None|None|1.2556|1.2624|(1.25789, 'HTX')|(1.2556, 'MEXC')|-0.0022899999999999032|-0.18205089475231565
SATSUSDT|4.79e-07|4.82e-07|None|None|4.792e-07|4.801e-07|4.8075e-07|4.806e-07|5.4563e-07|5.4574e-07|(4.801e-07, 'HTX')|(5.4563e-07, 'MEXC')|6.553000000000003e-08|13.649239741720482
TUSDT|None|None|None|None|0.0303|0.0305|0.03067|0.03064|0.0296|0.02961|(0.02961, 'MEXC')|(0.03064, 'OKX')|0.0010299999999999997|3.4785545423843285
ATOMUSDT|None|None|10.390665|10.357534|10.3582|10.3588|10.359|10.356|10.6|10.601|(10.3588, 'HTX')|(10.6, 'MEXC')|0.2411999999999992|2.3284550334015446
LADYSUSDT|None|None|None|None|6.63e-08|6.64e-08|None|None|7.356e-08|7.514e-08|(6.64e-08, 'HTX')|(7.356e-08, 'MEXC')|7.160000000000006e-09|10.783132530120492
HAOUSDT|None|None|None|None|0.002007|0.002013|None|None|0.002003|0.002006|(0.002006, 'MEXC')|(0.002007, 'HTX')|1.0000000000001327e-06|0.049850448654044505
WMTUSDT|None|None|None|None|0.1738|0.1739|None|None|0.18215|0.18236|(0.1739, 'HTX')|(0.18215, 'MEXC')|0.008250000000000007|4.7441058079355996
ANTUSDT|None|None|None|None|7.1819|7.1924|7.197|7.196|7.3101|7.472|(7.1924, 'HTX')|(7.3101, 'MEXC')|0.11770000000000014|1.6364495856737686
SDAOUSDT|None|None|None|None|0.3418|0.3494|None|None|0.4792|0.4829|(0.3494, 'HTX')|(0.4792, 'MEXC')|0.12980000000000003|37.149398969662286
XRPUSDC|None|None|None|None|None|None|0.5688|0.5687|0.55662|0.55865|(0.55865, 'MEXC')|(0.5687, 'OKX')|0.010050000000000003|1.7989796831647729
ALT0USDT|None|None|None|None|0.2384|0.2444|None|None|0.2059|0.2285|(0.2285, 'MEXC')|(0.2384, 'HTX')|0.009899999999999992|4.33260393873085
PRQUSDT|None|None|0.16750283|0.16590017|0.1653|0.1699|0.1669|0.1663|0.16688|0.17776|(0.1669, 'OKX')|(0.16688, 'MEXC')|-1.9999999999992246e-05|-0.011983223487113389
BORINGUSDT|None|None|None|None|0.003811|0.003866|0.003828|0.003826|0.003708|0.003838|(0.003828, 'OKX')|(0.003826, 'OKX')|-1.9999999999998318e-06|-0.05224660397073751
BEAMXUSDT|None|None|None|None|0.02737|0.027731|None|None|0.033849|0.033893|(0.027731, 'HTX')|(0.033849, 'MEXC')|0.0061179999999999984|22.061952327719876
GRVUSDT|None|None|None|None|0.0795|0.0796|None|None|0.07676|0.07778|(0.07778, 'MEXC')|(0.0795, 'HTX')|0.0017199999999999993|2.211365389560297
CAUSDT|None|None|None|None|0.6605|0.6616|None|None|0.6499|0.6572|(0.6572, 'MEXC')|(0.6605, 'HTX')|0.0032999999999999696|0.5021302495435134
SWFTCUSDT|None|None|None|None|0.0027441|0.0027601|0.00276|0.002746|None|None|(0.00276, 'OKX')|(0.002746, 'OKX')|-1.399999999999969e-05|-0.507246376811583
UNIUSDT|7.542|7.594|7.5727|7.5694|7.5594|7.5701|7.57|7.569|7.613|7.614|(7.57, 'OKX')|(7.613, 'MEXC')|0.04300000000000015|0.5680317040951143
PBRUSDT|None|None|None|None|0.0688|0.0697|None|None|0.07021|0.07115|(0.0697, 'HTX')|(0.07021, 'MEXC')|0.0005099999999999966|0.7317073170731658
AVAXUSDT|41.29|41.4|None|None|41.3346|41.3528|41.356|41.35|39.87|39.88|(39.88, 'MEXC')|(41.35, 'OKX')|1.4699999999999989|3.6860581745235677
IOSTUSDT|None|None|None|None|0.008975|0.008978|0.008976|0.008975|0.009338|0.009371|(0.008976, 'OKX')|(0.009338, 'MEXC')|0.0003620000000000012|4.032976827094488
XMRUSDT|None|None|None|None|124.21|124.93|None|None|120.5|120.6|(120.6, 'MEXC')|(124.21, 'HTX')|3.6099999999999994|2.993366500829187
ACSUSDT|None|None|None|None|0.002574|0.0026|None|None|0.0025952|0.0026018|(0.0026, 'HTX')|(0.0025952, 'MEXC')|-4.799999999999683e-06|-0.18461538461537244
DCRUSDT|None|None|None|None|17.6515|17.8616|17.78|17.72|18.0|18.04|(17.78, 'OKX')|(18.0, 'MEXC')|0.21999999999999886|1.2373453318335144
AXSUSDT|8.1|8.17|None|None|8.1666|8.1667|8.127|8.124|8.2|8.21|(8.127, 'OKX')|(8.2, 'MEXC')|0.07299999999999862|0.898240433124137
HIFIUSDT|None|None|None|None|0.626|0.6307|None|None|0.644|0.6443|(0.6307, 'HTX')|(0.644, 'MEXC')|0.013299999999999979|2.1087680355160896
USDTRUB|None|None|91.5|90.92|92.01|92.77|None|None|None|None|(91.5, 'EXMO')|(92.01, 'HTX')|0.5100000000000051|0.5573770491803335
TLMUSDT|None|None|None|None|0.015737|0.01576|None|None|0.01693|0.01696|(0.01576, 'HTX')|(0.01693, 'MEXC')|0.001170000000000001|7.423857868020311
RINGUSDT|None|None|None|None|0.004119|0.004132|None|None|0.00404|0.004169|(0.004132, 'HTX')|(0.004119, 'HTX')|-1.299999999999999e-05|-0.3146176185866406
ACAUSDT|None|None|None|None|0.1151|0.1153|0.1158|0.1155|0.1111|0.1112|(0.1112, 'MEXC')|(0.1155, 'OKX')|0.004300000000000012|3.866906474820155
KTUSDT|None|None|None|None|0.001146|0.001147|None|None|0.6093|0.6098|(0.001147, 'HTX')|(0.6093, 'MEXC')|0.6081529999999999|53021.18570183086
STGUSDT|None|None|None|None|0.621|0.628|None|None|0.6934|0.6935|(0.628, 'HTX')|(0.6934, 'MEXC')|0.06540000000000001|10.414012738853504
TRUUSDT|None|None|None|None|0.061024|0.061448|None|None|0.06384|0.06386|(0.061448, 'HTX')|(0.06384, 'MEXC')|0.0023919999999999914|3.892722301783608
XCHUSDT|None|None|None|None|34.0551|34.1397|34.13|34.12|34.75|34.79|(34.13, 'OKX')|(34.75, 'MEXC')|0.6199999999999974|1.8165836507471356
ZIGUSDT|None|None|None|None|0.05908|0.059686|None|None|0.070792|0.071289|(0.059686, 'HTX')|(0.070792, 'MEXC')|0.011105999999999991|18.607378614750512
DKSUSDT|None|None|None|None|0.0003155|0.0003172|None|None|0.0003201|0.0003211|(0.0003172, 'HTX')|(0.0003201, 'MEXC')|2.899999999999962e-06|0.914249684741476
PHAUSDT|None|None|None|None|0.124261|0.124832|0.1248|0.1246|0.128181|0.129967|(0.1248, 'OKX')|(0.128181, 'MEXC')|0.003380999999999995|2.7091346153846114
SNTUSDT|None|None|None|None|0.041138|0.041267|0.04126|0.04123|0.04153|0.04156|(0.04126, 'OKX')|(0.04153, 'MEXC')|0.0002699999999999994|0.6543868153174974
ARVUSDT|None|None|None|None|3.399e-05|3.403e-05|None|None|4.087e-05|4.092e-05|(3.403e-05, 'HTX')|(4.087e-05, 'MEXC')|6.840000000000002e-06|20.099911842491927
NEXTUSDT|None|None|None|None|0.4012|0.4014|None|None|0.40446|0.40477|(0.4014, 'HTX')|(0.40446, 'MEXC')|0.003060000000000007|0.7623318385650243
CELUSDT|None|None|None|None|None|None|0.206|0.2059|0.2085|0.2095|(0.206, 'OKX')|(0.2085, 'MEXC')|0.0025000000000000022|1.21359223300971
OKTUSDT|None|None|None|None|None|None|21.55|21.52|20.01|20.36|(20.36, 'MEXC')|(21.52, 'OKX')|1.1600000000000001|5.697445972495089
FCT2USDT|None|None|None|None|0.055612|0.056572|None|None|0.05904|0.05944|(0.056572, 'HTX')|(0.05904, 'MEXC')|0.002468000000000005|4.362582196139442
ZBCUSDT|None|None|None|None|0.009862|0.009885|0.00986|0.00984|0.009608|0.009636|(0.009636, 'MEXC')|(0.009862, 'HTX')|0.00022599999999999877|2.3453715234537023
COTIUSDT|None|None|None|None|0.0882|0.0885|None|None|0.1063|0.10858|(0.0885, 'HTX')|(0.1063, 'MEXC')|0.01780000000000001|20.1129943502825
SKEBUSDT|None|None|None|None|0.001357|0.001388|0.001374|0.001367|None|None|(0.001374, 'OKX')|(0.001367, 'OKX')|-7.000000000000062e-06|-0.5094614264919987
PCIUSDT|None|None|None|None|0.11208|0.11297|0.1212|0.1205|None|None|(0.11297, 'HTX')|(0.1205, 'OKX')|0.007529999999999995|6.66548641232185
CLVUSDT|None|None|None|None|0.058|0.0581|0.05805|0.05778|0.05924|0.05931|(0.05805, 'OKX')|(0.05924, 'MEXC')|0.0011900000000000036|2.04995693367787
MEVUSDT|None|None|None|None|0.007035|0.00715|None|None|0.006655|0.006789|(0.006789, 'MEXC')|(0.007035, 'HTX')|0.0002459999999999997|3.623508616880243
UMAUSDT|None|None|None|None|4.3601|4.3635|4.369|4.367|4.171|4.176|(4.176, 'MEXC')|(4.367, 'OKX')|0.19099999999999984|4.5737547892720265
LSKUSDT|None|None|None|None|1.3561|1.3608|1.381|1.379|None|None|(1.3608, 'HTX')|(1.379, 'OKX')|0.018199999999999994|1.3374485596707815
USDCUSDT|None|None|0.999105|0.999104|0.9993|0.9994|0.9995|0.9994|0.9998|0.9999|(0.999105, 'EXMO')|(0.9998, 'MEXC')|0.0006950000000000012|0.06956225822110801
HCUSDT|None|None|None|None|None|None|0.1122|0.1119|0.1084|0.11206|(0.11206, 'MEXC')|(0.1119, 'OKX')|-0.00016000000000000736|-0.14278065322149505
ARKMUSDT|None|None|None|None|0.6985|0.7055|None|None|1.1409|1.1412|(0.7055, 'HTX')|(1.1409, 'MEXC')|0.4354|61.715095676824944
SLPUSDT|None|None|None|None|None|None|0.00388|0.003878|0.003846|0.003849|(0.003849, 'MEXC')|(0.003878, 'OKX')|2.8999999999999946e-05|0.7534424525850857
MKRBTC|None|None|0.04229379|0.03801049|None|None|0.04072|0.04045|None|None|(0.04072, 'OKX')|(0.04045, 'OKX')|-0.0002699999999999994|-0.6630648330058925
MINAUSDT|None|None|None|None|1.4314|1.4321|1.4319|1.4312|1.4048|1.4053|(1.4053, 'MEXC')|(1.4314, 'HTX')|0.026100000000000012|1.8572546787162891
BOSONUSDT|None|None|None|None|0.2294|0.2327|None|None|0.238|0.2381|(0.2327, 'HTX')|(0.238, 'MEXC')|0.005299999999999999|2.277610657498925
DASHUSDT|None|None|29.18|29.12|29.09|29.13|None|None|29.78|29.79|(29.13, 'HTX')|(29.78, 'MEXC')|0.6500000000000021|2.2313765877102716
FLOKIUSDT|3.367e-05|None|3.377e-05|3.361e-05|3.369e-05|3.373e-05|3.37e-05|3.368e-05|3.429e-05|3.432e-05|(3.37e-05, 'OKX')|(3.429e-05, 'MEXC')|5.899999999999994e-07|1.7507418397626096
REEFUSDT|None|None|None|None|0.001735|0.00174|None|None|0.001771|0.001773|(0.00174, 'HTX')|(0.001771, 'MEXC')|3.0999999999999995e-05|1.7816091954022986
FETUSDT|None|None|None|None|0.6908|0.6932|0.6943|0.6937|0.9298|0.93|(0.6932, 'HTX')|(0.9298, 'MEXC')|0.23659999999999992|34.13156376226196
MONGUSDT|None|None|None|None|1.3134e-08|1.3568e-08|None|None|1.4e-08|1.404e-08|(1.3568e-08, 'HTX')|(1.4e-08, 'MEXC')|4.3200000000000016e-10|3.183962264150945
RABUSDT|None|None|None|None|0.005122|0.005189|None|None|0.005147|0.005414|(0.005189, 'HTX')|(0.005147, 'MEXC')|-4.200000000000037e-05|-0.8094045095394174
CAKEUSDT|None|None|None|None|2.8101|2.8174|None|None|2.768|2.769|(2.769, 'MEXC')|(2.8101, 'HTX')|0.04109999999999969|1.484290357529783
WBTUSDT|None|None|None|None|6.9983|7.016|None|None|7.047|7.062|(7.016, 'HTX')|(7.047, 'MEXC')|0.030999999999999694|0.4418472063854004
KRIPTOUSDT|None|None|None|None|0.00011|0.000114|None|None|0.00011|0.0001144|(0.000114, 'HTX')|(0.00011, 'HTX')|-4.000000000000002e-06|-3.5087719298245634
ALTUSDT|None|None|None|None|0.388|0.3886|None|None|0.027006|0.027396|(0.027396, 'MEXC')|(0.388, 'HTX')|0.36060400000000004|1316.265148196817
BTTUSDT|None|None|None|None|1.0523e-06|1.0528e-06|1.0508e-06|1.0501e-06|1.1409e-06|1.1416e-06|(1.0508e-06, 'OKX')|(1.1409e-06, 'MEXC')|9.009999999999999e-08|8.574419489912447
DFIUSDT|0.105|0.1069|None|None|0.0913|0.0921|None|None|0.004195|0.004205|(0.004205, 'MEXC')|(0.105, 'BIT')|0.100795|2397.0273483947676
ARIXUSDT|None|None|None|None|0.327|0.3279|None|None|0.3021|0.3049|(0.3049, 'MEXC')|(0.327, 'HTX')|0.02210000000000001|7.248278123975076
DOGEUSDC|None|None|None|None|None|None|0.08617|0.08615|0.0862592|0.0864959|(0.08617, 'OKX')|(0.0862592, 'MEXC')|8.919999999999761e-05|0.10351630497852805
DIAUSDT|None|None|None|None|0.4749|0.4755|0.4765|0.4744|None|None|(0.4755, 'HTX')|(0.4749, 'HTX')|-0.0005999999999999894|-0.12618296529968231
DOGEBTC|None|None|1.66e-06|1.64e-06|1.6559e-06|1.659e-06|1.66e-06|1.658e-06|None|None|(1.659e-06, 'HTX')|(1.658e-06, 'OKX')|-9.999999999998634e-10|-0.06027727546714065
EGLDUSDT|None|None|None|None|61.6478|61.836|61.74|61.71|59.95|59.96|(59.96, 'MEXC')|(61.71, 'OKX')|1.75|2.9186124082721814
BONEUSDT|0.612|0.6139|None|None|0.6082|0.6122|0.6138|0.6128|0.6011|0.6019|(0.6019, 'MEXC')|(0.6128, 'OKX')|0.01090000000000002|1.8109320485130456
GLMUSDT|None|None|None|None|0.223|0.2254|0.2247|0.2239|None|None|(0.2247, 'OKX')|(0.2239, 'OKX')|-0.0008000000000000229|-0.35603026257232884
ZECUSDT|None|None|None|None|22.52|22.53|None|None|25.26|25.27|(22.53, 'HTX')|(25.26, 'MEXC')|2.7300000000000004|12.117177097203731
KNCUSDT|None|None|None|None|0.6494|0.6498|0.6494|0.6489|0.6606|0.6607|(0.6494, 'OKX')|(0.6606, 'MEXC')|0.011199999999999988|1.7246689251616858
MCONTENTUSDT|None|None|None|None|1.163e-09|1.164e-09|None|None|1.1606e-09|1.1609e-09|(1.1609e-09, 'MEXC')|(1.163e-09, 'HTX')|2.1000000000000238e-12|0.18089413386166112
NFPUSDT|None|None|None|None|0.675585|0.679494|None|None|0.79532|0.79573|(0.679494, 'HTX')|(0.79532, 'MEXC')|0.11582599999999998|17.045919463600853
MANTAUSDT|None|None|None|None|3.006|3.0077|None|None|3.0502|3.0503|(3.0077, 'HTX')|(3.0502, 'MEXC')|0.04249999999999998|1.4130398643481725
REVVUSDT|None|None|None|None|0.013092|0.013316|0.01312|0.01309|0.01306|0.01313|(0.01312, 'OKX')|(0.013092, 'HTX')|-2.8000000000000247e-05|-0.21341463414634335
HOTUSDT|None|None|None|None|0.002148|0.002178|None|None|0.002242|0.002244|(0.002178, 'HTX')|(0.002242, 'MEXC')|6.400000000000025e-05|2.938475665748405
YFIUSDT|0.5|None|7874.71|7873.0|7848.53|7861.88|7877.0|7875.0|7782.00004|7784.99996|(7784.99996, 'MEXC')|(7875.0, 'OKX')|90.0000399999999|1.1560698839104413
STEEMUSDT|None|None|None|None|0.2378|0.238|None|None|0.2404|0.2407|(0.238, 'HTX')|(0.2404, 'MEXC')|0.0024000000000000132|1.0084033613445433
ACEUSDT|None|None|None|None|10.7614|10.8196|10.775|10.765|10.8935|10.9003|(10.775, 'OKX')|(10.8935, 'MEXC')|0.11849999999999916|1.0997679814385073
SFUNDUSDT|None|None|None|None|3.6894|3.7062|None|None|3.5241|3.5438|(3.5438, 'MEXC')|(3.6894, 'HTX')|0.14559999999999995|4.108584005869404
XLMBTC|None|None|2.27e-06|2.23e-06|None|None|2.248e-06|2.244e-06|2.234e-06|2.238e-06|(2.238e-06, 'MEXC')|(2.244e-06, 'OKX')|6.000000000000027e-09|0.26809651474530954
TROLLUSDT|None|None|None|None|4.982e-08|5.001e-08|None|None|4.599e-08|4.632e-08|(4.632e-08, 'MEXC')|(4.982e-08, 'HTX')|3.4999999999999983e-09|7.556131260794469
JASMYUSDT|None|None|None|None|0.006357|0.00636|None|None|0.008139|0.008142|(0.00636, 'HTX')|(0.008139, 'MEXC')|0.0017790000000000002|27.97169811320755
WXTUSDT|None|None|None|None|0.00481|0.004875|0.00499|0.00497|None|None|(0.004875, 'HTX')|(0.00497, 'OKX')|9.49999999999996e-05|1.9487179487179405
SPSUSDT|None|None|None|None|0.013312|0.0139|None|None|0.0247|0.02535|(0.0139, 'HTX')|(0.0247, 'MEXC')|0.0108|77.69784172661872
PRISMAUSDT|None|None|None|None|0.758|0.7609|None|None|0.7296|0.744|(0.744, 'MEXC')|(0.758, 'HTX')|0.014000000000000012|1.8817204301075285
FXSUSDT|None|None|None|None|9.0836|9.0962|9.077|9.074|9.108|9.111|(9.077, 'OKX')|(9.108, 'MEXC')|0.031000000000000583|0.34152252947009565
HSFUSDT|None|None|None|None|0.3035|0.305|None|None|0.3115|0.3146|(0.305, 'HTX')|(0.3115, 'MEXC')|0.006500000000000006|2.1311475409836085
BBFUSDT|None|None|None|None|0.1294|0.1315|None|None|0.14181|0.1433|(0.1315, 'HTX')|(0.14181, 'MEXC')|0.010309999999999986|7.840304182509494
BTCTUSD|None|None|None|None|53153.95|53642.95|None|None|53474.35|53522.64|(53522.64, 'MEXC')|(53474.35, 'MEXC')|-48.29000000000087|-0.09022350168078569
WNXMUSDT|None|None|None|None|58.6896|59.7779|None|None|61.09|61.17|(59.7779, 'HTX')|(61.09, 'MEXC')|1.312100000000001|2.19495833744578
PEPEUSDT|1.24e-06|1.26e-06|1.25e-06|1.24e-06|1.241702e-06|1.243886e-06|1.243e-06|1.242e-06|1.203e-06|1.206e-06|(1.206e-06, 'MEXC')|(1.242e-06, 'OKX')|3.599999999999995e-08|2.985074626865668
CYBERUSDT|None|None|None|None|8.2664|8.2775|None|None|9.255|9.256|(8.2775, 'HTX')|(9.255, 'MEXC')|0.9775000000000009|11.809121111446704
EULUSDT|None|None|None|None|4.3158|4.3431|None|None|4.491|4.556|(4.3431, 'HTX')|(4.491, 'MEXC')|0.14789999999999992|3.4054016716170463
WNCGUSDT|None|None|None|None|None|None|0.0837|0.0835|0.08783|0.08865|(0.0837, 'OKX')|(0.08783, 'MEXC')|0.004130000000000009|4.934289127837525
ARTYUSDT|None|None|None|None|1.3606|1.3681|1.3629|1.3584|1.6479|1.6491|(1.3629, 'OKX')|(1.6479, 'MEXC')|0.2849999999999999|20.91129209773277
EOSUSDC|None|None|None|None|None|None|0.7761|0.7754|0.7738|0.7795|(0.7761, 'OKX')|(0.7754, 'OKX')|-0.0007000000000000339|-0.09019456255637597
CTXCUSDT|None|None|None|None|0.5448|0.5488|0.5483|0.5476|0.63541|0.64208|(0.5483, 'OKX')|(0.63541, 'MEXC')|0.08711000000000002|15.887287981032285
BANDUSDT|None|None|None|None|2.0487|2.0508|2.05|2.049|None|None|(2.05, 'OKX')|(2.049, 'OKX')|-0.0009999999999998899|-0.04878048780487268
USDJUSDT|None|None|None|None|1.0987|1.0994|None|None|1.1003|1.1028|(1.0994, 'HTX')|(1.1003, 'MEXC')|0.0009000000000001229|0.08186283427325114
WWYUSDT|None|None|None|None|0.009029|0.00917|None|None|0.008933|0.009053|(0.009053, 'MEXC')|(0.009029, 'HTX')|-2.3999999999999716e-05|-0.26510548989285004
INSURUSDT|None|None|None|None|0.0476|0.0491|None|None|0.0469|0.0483|(0.0483, 'MEXC')|(0.0476, 'HTX')|-0.0006999999999999992|-1.449275362318839
DASHBTC|None|None|0.0005637|0.0005612|None|None|None|None|0.000569|0.0005725|(0.0005637, 'EXMO')|(0.000569, 'MEXC')|5.299999999999966e-06|0.9402164271775707
AVAXUSDC|None|None|None|None|None|None|41.374|41.365|39.894|40.008|(40.008, 'MEXC')|(41.365, 'OKX')|1.3569999999999993|3.3918216356728634
OASUSDT|None|None|None|None|0.122209|0.125471|0.12364|0.12362|0.12602|0.12898|(0.12364, 'OKX')|(0.12602, 'MEXC')|0.0023799999999999932|1.9249433840181116
RNDRUSDT|5.4554|5.472|None|None|5.4601|5.4632|5.473|5.47|6.327|6.328|(5.4632, 'HTX')|(6.327, 'MEXC')|0.8638000000000003|15.811246156098997
RPLUSDT|None|None|None|None|31.8098|32.3636|32.14|32.08|30.78|30.84|(30.84, 'MEXC')|(32.08, 'OKX')|1.2399999999999984|4.020752269779502
VEMPUSDT|None|None|None|None|0.010903|0.011899|None|None|0.011601|0.012194|(0.011899, 'HTX')|(0.011601, 'MEXC')|-0.00029799999999999965|-2.5044121354735664
MYRIAUSDT|None|None|None|None|None|None|0.010753|0.01073|0.011593|0.011609|(0.010753, 'OKX')|(0.011593, 'MEXC')|0.0008399999999999987|7.81177345856969
PORUSDT|None|None|None|None|None|None|2.467|2.457|2.396|2.454|(2.454, 'MEXC')|(2.457, 'OKX')|0.0029999999999996696|0.12224938875304277
ZKFUSDT|None|None|None|None|0.00834|0.008424|None|None|0.009227|0.009299|(0.008424, 'HTX')|(0.009227, 'MEXC')|0.0008030000000000016|9.532288698955385
SAMOUSDT|None|None|None|None|None|None|0.011594|0.011572|0.010384|0.010502|(0.010502, 'MEXC')|(0.011572, 'OKX')|0.0010700000000000015|10.188535517044388
BOBAUSDT|None|None|None|None|0.25998|0.26069|None|None|0.25995|0.26072|(0.26069, 'HTX')|(0.25998, 'HTX')|-0.0007099999999999884|-0.27235413709769785
USDTBRL|None|None|None|None|5.023|5.05|5.026|5.011|None|None|(5.026, 'OKX')|(5.023, 'HTX')|-0.0030000000000001137|-0.05968961400716502
BTMUSDT|None|None|None|None|0.009393|0.009486|None|None|0.009407|0.009645|(0.009486, 'HTX')|(0.009407, 'MEXC')|-7.899999999999921e-05|-0.832806240775872
FRONTUSDT|None|None|None|None|0.486427|0.491118|0.4953|0.4951|0.51957|0.527361|(0.491118, 'HTX')|(0.51957, 'MEXC')|0.028451999999999977|5.793312401500246
BNBUSDT|358.1|359.0|None|None|358.64|358.79|358.9|358.8|352.1|352.2|(352.2, 'MEXC')|(358.8, 'OKX')|6.600000000000023|1.873935264054521
ROCOUSDT|None|None|None|None|0.2575|0.2592|None|None|0.2843|0.295|(0.2592, 'HTX')|(0.2843, 'MEXC')|0.02510000000000001|9.683641975308646
OPUSDT|None|None|None|None|3.8314|3.8329|3.8331|3.8317|3.892|3.893|(3.8329, 'HTX')|(3.892, 'MEXC')|0.05909999999999993|1.5419134336925027
AKROUSDT|None|None|None|None|0.005497|0.005533|None|None|0.005577|0.005578|(0.005533, 'HTX')|(0.005577, 'MEXC')|4.4000000000000636e-05|0.7952286282306278
GARIUSDT|None|None|None|None|0.031827|0.032324|0.03206|0.03198|0.0333|0.0335|(0.03206, 'OKX')|(0.0333, 'MEXC')|0.001240000000000005|3.8677479725514816
APEUSDC|None|None|None|None|None|None|1.64|1.639|1.696|1.705|(1.64, 'OKX')|(1.696, 'MEXC')|0.05600000000000005|3.4146341463414664
XRPBTC|None|None|1.096e-05|1.094e-05|1.094e-05|1.0961e-05|1.096e-05|1.095e-05|1.065e-05|1.073e-05|(1.073e-05, 'MEXC')|(1.095e-05, 'OKX')|2.199999999999996e-07|2.050326188257219
DEXEUSDT|None|None|None|None|3.2063|3.2328|None|None|3.272|3.275|(3.2328, 'HTX')|(3.272, 'MEXC')|0.03919999999999968|1.2125711457559911
SUSHIUSDT|1.296|1.311|None|None|1.3008|1.3013|1.3028|1.3023|1.257|1.258|(1.258, 'MEXC')|(1.3023, 'OKX')|0.044300000000000006|3.5214626391096986
KUBEUSDT|None|None|None|None|0.007636|0.007787|None|None|0.007442|0.007451|(0.007451, 'MEXC')|(0.007636, 'HTX')|0.00018500000000000027|2.4828882029257855
HTXUSDT|None|None|None|None|1.552e-06|1.554e-06|None|None|1.587e-06|1.591e-06|(1.554e-06, 'HTX')|(1.587e-06, 'MEXC')|3.299999999999994e-08|2.1235521235521193
VRTXUSDT|None|None|None|None|0.239|0.2433|None|None|0.2771|0.279|(0.2433, 'HTX')|(0.2771, 'MEXC')|0.033800000000000024|13.89231401561859
ADAUSDT|0.6005|0.6014|0.601|0.6007|0.600814|0.600883|0.6011|0.601|0.627|0.6271|(0.600883, 'HTX')|(0.627, 'MEXC')|0.026117000000000057|4.346436827136075
OPUSDC|None|None|None|None|None|None|3.8349|3.8333|3.8835|3.8927|(3.8349, 'OKX')|(3.8835, 'MEXC')|0.04859999999999998|1.2673081436282556
SMTUSDT|None|None|None|None|0.002992|0.003032|None|None|0.3209|0.3317|(0.003032, 'HTX')|(0.3209, 'MEXC')|0.31786800000000004|10483.77308707124
STETHETH|None|None|None|None|0.9913|1.0038|0.9998|0.9997|None|None|(0.9998, 'OKX')|(0.9997, 'OKX')|-9.999999999998899e-05|-0.010002000400078915
KLVUSDT|None|None|None|None|0.003503|0.003505|None|None|0.003434|0.003441|(0.003441, 'MEXC')|(0.003503, 'HTX')|6.199999999999999e-05|1.8018018018018014
METISUSDT|None|None|None|None|92.2189|92.8816|92.5|92.42|90.11|90.41|(90.41, 'MEXC')|(92.42, 'OKX')|2.010000000000005|2.223205397633011
NYMUSDT|None|None|None|None|0.2125|0.2136|0.2145|0.2142|0.2141|0.2151|(0.2136, 'HTX')|(0.2142, 'OKX')|0.0005999999999999894|0.2808988764044894
BOBUSDT|None|None|None|None|2.234e-05|2.236e-05|None|None|2.9711e-05|2.9916e-05|(2.236e-05, 'HTX')|(2.9711e-05, 'MEXC')|7.351000000000001e-06|32.87567084078713
CEREUSDT|None|None|None|None|0.005874|0.005908|None|None|0.006696|0.006729|(0.005908, 'HTX')|(0.006696, 'MEXC')|0.0007879999999999996|13.33784698713608
MULTIUSDT|None|None|None|None|0.664|0.67|None|None|1.162|1.19|(0.67, 'HTX')|(1.162, 'MEXC')|0.4919999999999999|73.4328358208955
CELUSDC|None|None|None|None|None|None|0.2066|0.2062|0.209|0.2108|(0.2066, 'OKX')|(0.209, 'MEXC')|0.0023999999999999855|1.1616650532429746
RPKUSDT|None|None|None|None|0.024035|0.02411|None|None|0.02353|0.02365|(0.02365, 'MEXC')|(0.024035, 'HTX')|0.0003849999999999999|1.6279069767441856
MBOXUSDT|None|None|None|None|0.3389|0.3399|None|None|0.3405|0.3421|(0.3399, 'HTX')|(0.3405, 'MEXC')|0.0006000000000000449|0.17652250661960722
ORBSUSDT|None|None|None|None|0.036778|0.036855|0.03673|0.03672|None|None|(0.03673, 'OKX')|(0.036778, 'HTX')|4.799999999999943e-05|0.13068336509664968
ALPINEUSDT|2.146|2.153|None|None|None|None|None|None|2.1755|2.1786|(2.153, 'BIT')|(2.1755, 'MEXC')|0.022499999999999964|1.0450534138411502
SOFIUSDT|None|None|None|None|0.0222|0.0224|None|None|0.01958|0.02227|(0.02227, 'MEXC')|(0.0222, 'HTX')|-7.000000000000062e-05|-0.31432420296363095
ZKPUSDT|None|None|None|None|0.02459|0.02462|None|None|0.024|0.02406|(0.02406, 'MEXC')|(0.02459, 'HTX')|0.0005299999999999992|2.2028262676641694
TOMIUSDT|None|None|None|None|1.0455|1.046|None|None|1.1457|1.1477|(1.046, 'HTX')|(1.1457, 'MEXC')|0.0996999999999999|9.531548757170162
MDTUSDT|None|None|None|None|None|None|0.0636|0.0635|0.000498|0.0005019|(0.0005019, 'MEXC')|(0.0635, 'OKX')|0.0629981|12551.922693763698
JOYUSDT|None|None|None|None|0.0143|0.0146|None|None|0.01813|0.0182|(0.0146, 'HTX')|(0.01813, 'MEXC')|0.00353|24.178082191780824
MILOUSDT|None|None|None|None|None|None|7.07e-09|7.03e-09|6.901e-09|7.098e-09|(7.07e-09, 'OKX')|(7.03e-09, 'OKX')|-3.999999999999986e-11|-0.5657708628005639
NGLUSDT|None|None|None|None|0.10315|0.10478|None|None|0.1146|0.1163|(0.10478, 'HTX')|(0.1146, 'MEXC')|0.009819999999999995|9.372017560603163
XEMUSDT|None|None|None|None|0.0382|0.0383|0.03833|0.03823|None|None|(0.0383, 'HTX')|(0.03823, 'OKX')|-7.000000000000062e-05|-0.18276762402088934
VRUSDT|None|None|None|None|0.05122783|0.05157395|None|None|0.04803|0.04848|(0.04848, 'MEXC')|(0.05122783, 'HTX')|0.0027478299999999997|5.667966171617161
FTTUSDT|None|None|None|None|1.8897|1.8964|None|None|1.8169|1.8183|(1.8183, 'MEXC')|(1.8897, 'HTX')|0.07139999999999991|3.9267447615904914
KANUSDT|None|None|None|None|0.001002|0.001009|0.000999|0.000994|None|None|(0.000999, 'OKX')|(0.001002, 'HTX')|2.9999999999999645e-06|0.3003003003002967
ENJUSDT|0.33|0.332|None|None|0.3316|0.3317|0.3314|0.3311|0.3355|0.3358|(0.3314, 'OKX')|(0.3355, 'MEXC')|0.004100000000000048|1.237175618587824
MOVEZUSDT|None|None|None|None|0.00077|0.000775|0.000772|0.00077|None|None|(0.000772, 'OKX')|(0.00077, 'HTX')|-2.0000000000000486e-06|-0.2590673575129597
MAPUSDT|None|None|None|None|0.03046|0.03088|None|None|0.0308|0.03113|(0.03088, 'HTX')|(0.0308, 'MEXC')|-8.000000000000021e-05|-0.259067357512954
DCUSDT|None|None|None|None|0.000729|0.000735|None|None|0.0007542|0.0007584|(0.000735, 'HTX')|(0.0007542, 'MEXC')|1.9200000000000033e-05|2.6122448979591884
GALUSDT|2.562|2.573|None|None|2.5726|2.5778|2.57|2.569|3.3467|3.3649|(2.57, 'OKX')|(3.3467, 'MEXC')|0.7767|30.221789883268478
TPYUSDT|None|None|None|None|0.5812|0.5818|None|None|0.5962|0.6009|(0.5818, 'HTX')|(0.5962, 'MEXC')|0.014399999999999968|2.4750773461670623
ALGOUSDT|None|None|0.19034034|0.19004981|0.1896|0.1898|0.1899|0.1897|0.1995|0.1996|(0.1898, 'HTX')|(0.1995, 'MEXC')|0.009700000000000014|5.110642781875666
BSVBTC|None|None|None|None|0.001535|0.00154|0.001539|0.001538|None|None|(0.001539, 'OKX')|(0.001538, 'OKX')|-9.999999999999159e-07|-0.06497725795970863
BABYDOGEUSDT|None|None|None|None|1.209e-09|1.215e-09|1.212e-09|1.21e-09|1.2131e-09|1.2132e-09|(1.212e-09, 'OKX')|(1.2131e-09, 'MEXC')|1.1000000000001306e-12|0.09075907590760154
QRDOUSDT|None|None|None|None|0.0311|0.0327|None|None|0.03313|0.03362|(0.0327, 'HTX')|(0.03313, 'MEXC')|0.0004299999999999998|1.3149847094801217
EURTUSDT|1.072|1.078|1.07906145|1.0757|1.0737|1.0763|1.076|1.074|1.0696|1.0835|(1.076, 'OKX')|(1.0757, 'EXMO')|-0.00029999999999996696|-0.027881040892190238
KICKSUSDT|None|None|None|None|0.0005529|0.0005551|None|None|0.000553|0.0005574|(0.0005551, 'HTX')|(0.000553, 'MEXC')|-2.099999999999997e-06|-0.3783102143757876
USTCUSDT|None|None|None|None|0.0322|0.0323|0.03263|0.03261|0.03289|0.03291|(0.0323, 'HTX')|(0.03289, 'MEXC')|0.0005900000000000002|1.8266253869969047
TOMSUSDT|None|None|None|None|0.001008|0.001036|None|None|0.00095|0.0009998|(0.0009998, 'MEXC')|(0.001008, 'HTX')|8.200000000000091e-06|0.8201640328065705
ARUSDT|None|None|None|None|11.7927|11.8196|11.807|11.805|13.095|13.1|(11.807, 'OKX')|(13.095, 'MEXC')|1.2880000000000003|10.908782925383248
HIVEUSDT|None|None|None|None|0.3247|0.3289|None|None|0.3357|0.3362|(0.3289, 'HTX')|(0.3357, 'MEXC')|0.006799999999999973|2.0674977196716244
SXPUSDT|None|None|None|None|0.3416|0.3419|None|None|0.353|0.3533|(0.3419, 'HTX')|(0.353, 'MEXC')|0.011099999999999999|3.24656332260895
LPTUSDT|None|None|None|None|10.2758|10.3939|10.317|10.301|17.18|17.19|(10.317, 'OKX')|(17.18, 'MEXC')|6.8629999999999995|66.5212755646021
RSRUSDT|None|None|None|None|0.002729|0.002732|0.002736|0.002733|0.002902|0.002905|(0.002732, 'HTX')|(0.002902, 'MEXC')|0.00017|6.222547584187409
ETCBTC|None|None|0.00052683|0.00051937|0.000521|0.000523|0.000522|0.0005214|0.00051|0.0005122|(0.0005122, 'MEXC')|(0.0005214, 'OKX')|9.200000000000007e-06|1.796173369777432
BTTUSDC|None|None|None|None|1.0523e-06|1.0544e-06|None|None|1.1402e-06|1.1455e-06|(1.0544e-06, 'HTX')|(1.1402e-06, 'MEXC')|8.579999999999988e-08|8.137329286798169
FUSEUSDT|None|None|None|None|0.06672|0.06689|None|None|0.06766|0.06849|(0.06689, 'HTX')|(0.06766, 'MEXC')|0.0007699999999999929|1.1511436687098113
PHBUSDT|None|None|None|None|1.1714|1.1729|None|None|1.7996|1.8122|(1.1729, 'HTX')|(1.7996, 'MEXC')|0.6267|53.431665103589395
OPULUSDT|None|None|None|None|0.1021|0.1038|None|None|0.1003|0.10098|(0.10098, 'MEXC')|(0.1021, 'HTX')|0.001119999999999996|1.109130520895223
TOXUSDT|None|None|None|None|0.171181|0.171417|None|None|0.17|0.17003|(0.17003, 'MEXC')|(0.171181, 'HTX')|0.0011510000000000131|0.676939363641718
DORAUSDT|None|None|None|None|0.185|0.1889|0.1889|0.1883|0.17624|0.1834|(0.1834, 'MEXC')|(0.1883, 'OKX')|0.004899999999999988|2.671755725190833
MXCUSDT|None|None|None|None|0.008749|0.008848|0.00888|0.00886|None|None|(0.008848, 'HTX')|(0.00886, 'OKX')|1.1999999999999858e-05|0.13562386980108337
CEEKUSDT|None|None|None|None|0.0519|0.0527|0.05258|0.0525|0.0523|0.05251|(0.05251, 'MEXC')|(0.0525, 'OKX')|-1.0000000000003062e-05|-0.019043991620649518
STRMUSDT|None|None|None|None|0.00242|0.00243|None|None|0.002333|0.002362|(0.002362, 'MEXC')|(0.00242, 'HTX')|5.799999999999989e-05|2.455546147332764
OKBUSDT|None|None|None|None|None|None|53.31|53.27|53.161|53.341|(53.31, 'OKX')|(53.27, 'OKX')|-0.03999999999999915|-0.07503282686175042
BADGERUSDT|None|None|None|None|4.5836|4.6134|4.589|4.586|4.263|4.267|(4.267, 'MEXC')|(4.586, 'OKX')|0.31899999999999995|7.475978439184437
KLAYUSDT|0.2305|0.2313|None|None|0.2305|0.2309|0.2309|0.2308|0.229|0.2291|(0.2291, 'MEXC')|(0.2308, 'OKX')|0.001700000000000007|0.7420340462680083
KAIUSDT|None|None|None|None|0.005728|0.00587|None|None|0.028607|0.02934|(0.00587, 'HTX')|(0.028607, 'MEXC')|0.022737|387.3424190800681
OGUSDT|4.934|4.952|None|None|4.9258|4.933|None|None|5.142|5.145|(4.933, 'HTX')|(5.142, 'MEXC')|0.20900000000000052|4.236772754915884
GMEEUSDT|None|None|None|None|0.032233|0.032745|None|None|0.039029|0.040279|(0.032745, 'HTX')|(0.039029, 'MEXC')|0.006283999999999998|19.190716139868677
GODSUSDT|None|None|None|None|0.32|0.3297|0.3256|0.3254|0.3148|0.316|(0.316, 'MEXC')|(0.3254, 'OKX')|0.00940000000000002|2.9746835443038036
BNBUSDC|None|None|None|None|None|None|359.0|358.9|352.6226|352.6227|(352.6227, 'MEXC')|(358.9, 'OKX')|6.277299999999968|1.7801746739503634
CITYUSDT|None|None|None|None|None|None|3.147|3.146|3.167|3.173|(3.147, 'OKX')|(3.167, 'MEXC')|0.020000000000000018|0.6355258976803311
SHIBUSDC|None|None|None|None|None|None|9.937e-06|9.928e-06|9.7316e-06|9.8012e-06|(9.8012e-06, 'MEXC')|(9.928e-06, 'OKX')|1.268000000000002e-07|1.2937191364322758
YFIIUSDT|None|None|None|None|941.5507|944.1948|947.3|947.0|1011.7|1019.6|(944.1948, 'HTX')|(1011.7, 'MEXC')|67.50520000000006|7.149499234691831
AZYUSDT|None|None|None|None|None|None|0.00645|0.00642|0.0062531|0.0063105|(0.0063105, 'MEXC')|(0.00642, 'OKX')|0.00010950000000000022|1.7352032327073958
DAOUSDT|None|None|None|None|0.9482|0.959|0.952|0.951|0.9455|0.9516|(0.9516, 'MEXC')|(0.951, 'OKX')|-0.0006000000000000449|-0.06305170239596941
DOSEUSDT|None|None|None|None|0.00421|0.004243|0.004208|0.004195|0.003887|0.003968|(0.003968, 'MEXC')|(0.00421, 'HTX')|0.00024200000000000003|6.098790322580646
BTCTRY|None|None|None|None|1589638.15|1689973.66|1605987.0|1605119.0|None|None|(1605987.0, 'OKX')|(1605119.0, 'OKX')|-868.0|-0.05404776003790815
DMAILUSDT|None|None|None|None|None|None|0.5501|0.55|0.7151|0.7174|(0.5501, 'OKX')|(0.7151, 'MEXC')|0.16499999999999992|29.994546446100696
JUVUSDT|2.388|2.398|None|None|2.3896|2.3994|None|None|None|None|(2.398, 'BIT')|(2.3896, 'HTX')|-0.008399999999999963|-0.35029190992493586
ORDSUSDT|None|None|None|None|0.069052|0.069669|None|None|0.07374|0.0738|(0.069669, 'HTX')|(0.07374, 'MEXC')|0.004071000000000005|5.843344959738198
MUBIUSDT|None|None|None|None|0.1224|0.1242|None|None|0.1097|0.11032|(0.11032, 'MEXC')|(0.1224, 'HTX')|0.012079999999999994|10.949963741841907
BTCUSDT|51902.21|51902.22|51931.16|51911.43|51919.17|51919.18|51912.6|51912.5|52260.0|52260.01|(51902.22, 'BIT')|(52260.0, 'MEXC')|357.77999999999884|0.6893346758577934
UNBUSDT|None|None|None|None|0.00068|0.000688|None|None|0.0006523|0.0006678|(0.0006678, 'MEXC')|(0.00068, 'HTX')|1.220000000000008e-05|1.8268942797244805
BRISEUSDT|None|None|None|None|1.609e-07|1.619e-07|None|None|1.499e-07|1.511e-07|(1.511e-07, 'MEXC')|(1.609e-07, 'HTX')|9.799999999999995e-09|6.4857710125744505
GMXUSDT|None|None|None|None|45.3535|45.444|45.45|45.44|48.19|48.23|(45.444, 'HTX')|(48.19, 'MEXC')|2.745999999999995|6.042601883636992
COMUSDT|None|None|None|None|1.579|1.5882|None|None|1.405|1.408|(1.408, 'MEXC')|(1.579, 'HTX')|0.17100000000000004|12.144886363636369
POLYDOGEUSDT|None|None|None|None|None|None|6.99e-09|6.98e-09|7.173e-09|7.307e-09|(6.99e-09, 'OKX')|(7.173e-09, 'MEXC')|1.8299999999999989e-10|2.6180257510729597
QUICKUSDT|None|None|None|None|0.058707|0.058943|None|None|0.05899|0.0596|(0.058943, 'HTX')|(0.05899, 'MEXC')|4.699999999999843e-05|0.07973805201635212
BTCUSDC|None|None|None|None|51921.43|51948.69|51930.1|51930.0|52254.21|52286.02|(51930.1, 'OKX')|(52254.21, 'MEXC')|324.1100000000006|0.624127432837604
NODLUSDT|None|None|None|None|0.007078|0.007133|None|None|0.007057|0.007114|(0.007114, 'MEXC')|(0.007078, 'HTX')|-3.5999999999999574e-05|-0.5060444194545906
NULSUSDT|None|None|None|None|0.2737|0.274|0.274|0.2734|0.267|0.2673|(0.2673, 'MEXC')|(0.2737, 'HTX')|0.006400000000000017|2.394313505424623
MXUSDT|None|None|None|None|2.844|2.8498|None|None|2.8201|2.8202|(2.8202, 'MEXC')|(2.844, 'HTX')|0.023800000000000043|0.8439117793064338
XLMUSDT|0.1162|0.1169|0.1166|0.11640005|0.116563|0.116608|0.1166|0.1165|0.1165|0.1166|(0.1166, 'EXMO')|(0.116563, 'HTX')|-3.699999999999537e-05|-0.031732418524867384
NEXOUSDT|None|None|None|None|1.0319|1.0445|None|None|1.2001|1.2049|(1.0445, 'HTX')|(1.2001, 'MEXC')|0.15559999999999996|14.897079942556243
CHESSUSDT|0.207|0.211|None|None|None|None|None|None|0.2227|0.2228|(0.211, 'BIT')|(0.2227, 'MEXC')|0.011700000000000016|5.545023696682473
AKITAUSDT|None|None|None|None|None|None|1.465e-07|1.464e-07|1.408e-07|1.418e-07|(1.418e-07, 'MEXC')|(1.464e-07, 'OKX')|4.599999999999975e-09|3.2440056417489243
MUDOL2USDT|None|None|None|None|0.01432|0.01455|None|None|0.01428|0.01438|(0.01438, 'MEXC')|(0.01432, 'HTX')|-6.0000000000001025e-05|-0.41724617524340074
WHALEUSDT|None|None|None|None|0.8079|0.8139|None|None|0.03557|0.035575|(0.035575, 'MEXC')|(0.8079, 'HTX')|0.7723249999999999|2170.9768095572726
RVNUSDT|None|None|None|None|0.021491|0.021508|0.02152|0.02151|0.0226|0.02262|(0.021508, 'HTX')|(0.0226, 'MEXC')|0.0010919999999999992|5.077180583968753
UNIUSDC|None|None|None|None|None|None|7.575|7.569|7.589|7.6612|(7.575, 'OKX')|(7.589, 'MEXC')|0.014000000000000234|0.18481848184818792
ALPHAUSDT|None|None|None|None|None|None|0.1134|0.1132|0.12435|0.12465|(0.1134, 'OKX')|(0.12435, 'MEXC')|0.010950000000000001|9.656084656084658
ONEUSDT|None|None|0.01754995|0.01732|0.017312|0.017357|0.01735|0.01732|0.01918|0.01919|(0.01735, 'OKX')|(0.01918, 'MEXC')|0.0018299999999999983|10.547550432276648
ATOMBTC|None|None|0.0002008|0.00019866|0.00019927|0.00019966|0.0001996|0.0001994|0.00020222|0.00020346|(0.0001996, 'OKX')|(0.00020222, 'MEXC')|2.6199999999999986e-06|1.3126252505010014
GFTUSDT|None|None|None|None|0.0199|0.0202|0.02009|0.02008|0.020845|0.020906|(0.02009, 'OKX')|(0.020845, 'MEXC')|0.0007549999999999987|3.75808860129417
SRMUSDT|None|None|None|None|0.0501|0.0509|None|None|0.04931|0.04966|(0.04966, 'MEXC')|(0.0501, 'HTX')|0.00043999999999999595|0.8860249697945951
AIDOGEUSDT|None|None|None|None|1.7915e-10|1.8105e-10|1.803e-10|1.801e-10|2.4829e-10|2.4944e-10|(1.803e-10, 'OKX')|(2.4829e-10, 'MEXC')|6.798999999999999e-11|37.70937326677759
GFUSDT|None|None|None|None|0.2639|0.267|0.2671|0.2659|0.3736|0.3766|(0.267, 'HTX')|(0.3736, 'MEXC')|0.10659999999999997|39.925093632958784
PENDLEUSDT|None|None|None|None|3.0593|3.074|None|None|2.8867|2.8868|(2.8868, 'MEXC')|(3.0593, 'HTX')|0.17249999999999988|5.975474573922678
LDOUSDT|None|None|None|None|3.2981|3.3042|3.298|3.296|3.304|3.305|(3.298, 'OKX')|(3.304, 'MEXC')|0.005999999999999783|0.18192844147967807
ENSUSDT|None|None|None|None|23.449|23.4944|23.491|23.484|23.69|23.72|(23.491, 'OKX')|(23.69, 'MEXC')|0.19900000000000162|0.8471329445319553
ANALOSUSDT|None|None|None|None|0.0001108|0.0001117|None|None|0.0001081|0.0001088|(0.0001088, 'MEXC')|(0.0001108, 'HTX')|1.9999999999999944e-06|1.8382352941176419
ZENUSDT|None|None|None|None|8.5445|8.5624|None|None|10.763|10.783|(8.5624, 'HTX')|(10.763, 'MEXC')|2.2005999999999997|25.70073811081005
IOTAUSDT|None|None|None|None|0.2687|0.2692|0.2747|0.2745|None|None|(0.2692, 'HTX')|(0.2745, 'OKX')|0.005300000000000027|1.9687964338781676
GEARUSDT|None|None|None|None|None|None|0.01181|0.011809|0.009233|0.009351|(0.009351, 'MEXC')|(0.011809, 'OKX')|0.002458|26.285958720992408
XCADUSDT|None|None|None|None|1.6111|1.6234|None|None|1.55898|1.56425|(1.56425, 'MEXC')|(1.6111, 'HTX')|0.04685000000000006|2.9950455489851406
NEARBTC|None|None|6.666e-05|6.517e-05|None|None|6.54e-05|6.528e-05|None|None|(6.54e-05, 'OKX')|(6.528e-05, 'OKX')|-1.2000000000000563e-07|-0.18348623853211868
FLOWUSDT|None|None|None|None|0.9618|0.9632|0.9626|0.9625|0.9553|0.9556|(0.9556, 'MEXC')|(0.9625, 'OKX')|0.006900000000000017|0.7220594390958578
VOLTUSDT|3.1e-07|4.2e-07|None|None|3.66e-07|3.818e-07|None|None|4.209e-07|4.243e-07|(3.818e-07, 'HTX')|(4.209e-07, 'MEXC')|3.9100000000000026e-08|10.240963855421693
DODOUSDT|None|None|None|None|0.188|0.1906|None|None|0.1918|0.192|(0.1906, 'HTX')|(0.1918, 'MEXC')|0.0012000000000000066|0.6295907660021022
TRXETH|None|None|None|None|4.641e-05|4.649e-05|4.649e-05|4.642e-05|None|None|(4.649e-05, 'HTX')|(4.642e-05, 'OKX')|-6.999999999999764e-08|-0.15057001505699644
USDPUSDT|None|None|None|None|0.9706|1.005|None|None|0.9998|0.9999|(0.9999, 'MEXC')|(0.9998, 'MEXC')|-9.999999999998899e-05|-0.0100010001000089
BABYUSDT|None|None|None|None|0.001352|0.001368|None|None|0.008358|0.008485|(0.001368, 'HTX')|(0.008358, 'MEXC')|0.0069900000000000006|510.96491228070175
MOVRUSDT|None|None|None|None|22.9641|23.0154|22.995|22.979|25.361|25.362|(22.995, 'OKX')|(25.361, 'MEXC')|2.3659999999999997|10.289193302891931
TITANUSDT|None|None|None|None|0.004272|0.00432|None|None|2.211e-08|2.232e-08|(2.232e-08, 'MEXC')|(0.004272, 'HTX')|0.00427197768|19139684.94623656
CROUSDT|None|None|None|None|None|None|0.09134|0.0913|0.09067|0.0907|(0.0907, 'MEXC')|(0.0913, 'OKX')|0.0006000000000000033|0.6615214994487357
DKAUSDT|None|None|None|None|0.031459|0.031824|None|None|0.0329|0.03328|(0.031824, 'HTX')|(0.0329, 'MEXC')|0.0010760000000000006|3.381096028154854
MINAUSDC|None|None|None|None|None|None|1.4337|1.4307|1.3965|1.4141|(1.4141, 'MEXC')|(1.4307, 'OKX')|0.01660000000000017|1.1738915211088445
JSTUSDT|None|None|None|None|0.034133|0.034139|0.03411|0.0341|0.03413|0.03416|(0.03411, 'OKX')|(0.034133, 'HTX')|2.2999999999995246e-05|0.06742890647902447
POLSUSDT|None|None|None|None|0.8646|0.8741|0.8707|0.8662|0.90925|0.91056|(0.8707, 'OKX')|(0.90925, 'MEXC')|0.03854999999999997|4.427472148845753
LAZIOUSDT|2.638|2.649|None|None|None|None|None|None|2.685|2.69|(2.649, 'BIT')|(2.685, 'MEXC')|0.03600000000000003|1.359003397508495
BLOKUSDT|None|None|None|None|None|None|0.001959|0.001952|0.00208|0.002141|(0.001959, 'OKX')|(0.00208, 'MEXC')|0.00012100000000000001|6.176620724859624
ZCXUSDT|None|None|None|None|0.0991|0.0998|None|None|0.09048|0.09096|(0.09096, 'MEXC')|(0.0991, 'HTX')|0.008139999999999994|8.948988566402807
QTUMUSDT|None|None|3.384|3.379|3.3841|3.3882|3.386|3.385|3.32|3.322|(3.322, 'MEXC')|(3.385, 'OKX')|0.06299999999999972|1.8964479229379807
ZEROUSDT|None|None|None|None|0.3993|0.4|None|None|0.38|0.3872|(0.3872, 'MEXC')|(0.3993, 'HTX')|0.0121|3.125
SUNUSDT|None|None|None|None|0.007798|0.007805|0.007808|0.0078|0.00889|0.008984|(0.007805, 'HTX')|(0.00889, 'MEXC')|0.001085|13.90134529147982
BETHUSDT|None|None|None|None|2820.0|2840.01|2832.67|2831.91|None|None|(2832.67, 'OKX')|(2831.91, 'OKX')|-0.7600000000002183|-0.026829810743934812
ONTUSDT|None|None|None|None|0.2569|0.2572|0.2591|0.259|0.2626|0.2627|(0.2572, 'HTX')|(0.2626, 'MEXC')|0.005400000000000016|2.0995334370140033
ANKRUSDT|None|None|None|None|0.027843|0.027897|None|None|0.02873|0.02876|(0.027897, 'HTX')|(0.02873, 'MEXC')|0.0008329999999999969|2.9859841560024263
SDUSDT|0.95|0.9536|None|None|0.96|0.9601|0.9518|0.9509|0.9334|1.0469|(0.9518, 'OKX')|(0.96, 'HTX')|0.008199999999999985|0.8615255305736483
RADARUSDT|None|None|None|None|None|None|0.00689|0.00688|0.006947|0.006949|(0.00689, 'OKX')|(0.006947, 'MEXC')|5.699999999999976e-05|0.8272859216255407
BALUSDT|None|None|None|None|4.0497|4.0549|4.049|4.046|4.17296|4.25295|(4.049, 'OKX')|(4.17296, 'MEXC')|0.1239599999999994|3.061496665843403
BATUSDT|0.2424|0.2454|None|None|0.2437|0.244|0.244|0.2438|0.2568|0.2591|(0.244, 'HTX')|(0.2568, 'MEXC')|0.012799999999999978|5.245901639344253
RLCUSDT|None|None|None|None|2.452|2.461|None|None|3.4376|3.4395|(2.461, 'HTX')|(3.4376, 'MEXC')|0.9766000000000004|39.683055668427485
XDCUSDT|None|None|None|None|0.043462|0.043661|None|None|0.04149|0.04151|(0.04151, 'MEXC')|(0.043462, 'HTX')|0.0019520000000000023|4.702481329800054
FLRUSDT|None|None|None|None|0.032|0.0321|0.03202|0.032|0.03422|0.03424|(0.03202, 'OKX')|(0.03422, 'MEXC')|0.0022000000000000006|6.870705808869459
ELFETH|None|None|None|None|0.00021465|0.00021747|None|None|0.000215525|0.000219211|(0.00021747, 'HTX')|(0.000215525, 'MEXC')|-1.9449999999999958e-06|-0.8943762358026376
XTMUSDT|None|None|None|None|0.041709|0.042133|None|None|0.05|0.05114|(0.042133, 'HTX')|(0.05, 'MEXC')|0.007867000000000006|18.671824935323873
LVNUSDT|None|None|None|None|0.18286|0.18303|None|None|0.1773|0.1774|(0.1774, 'MEXC')|(0.18286, 'HTX')|0.005459999999999993|3.077790304396839
ORDIUSDT|69.9|70.2|None|None|69.9613|70.1315|70.084|70.071|71.239|71.256|(70.084, 'OKX')|(71.239, 'MEXC')|1.1550000000000011|1.6480223731522188
PANDOUSDT|None|None|None|None|0.002019|0.002061|None|None|0.001999|0.002046|(0.002046, 'MEXC')|(0.002019, 'HTX')|-2.7000000000000114e-05|-1.3196480938416477
IDEXUSDT|None|None|None|None|0.058|0.0582|None|None|0.06028|0.06031|(0.0582, 'HTX')|(0.06028, 'MEXC')|0.0020799999999999985|3.573883161512025
BNTUSDT|None|None|None|None|0.8437|0.845|0.8448|0.8447|0.8104|0.8105|(0.8105, 'MEXC')|(0.8447, 'OKX')|0.03420000000000001|4.219617520049353
ETHWUSDT|None|None|None|None|2.9024|2.9136|2.908|2.906|2.928|2.929|(2.908, 'OKX')|(2.928, 'MEXC')|0.020000000000000018|0.6877579092159566
STCUSDT|None|None|None|None|0.5339|0.546|0.5387|0.5361|0.001101|0.001104|(0.001104, 'MEXC')|(0.5361, 'OKX')|0.534996|48459.782608695656
WEMIXUSDT|2.267|2.2883|None|None|2.2487|2.2801|None|None|2.1829|2.1949|(2.1949, 'MEXC')|(2.267, 'BIT')|0.07209999999999983|3.2848876942001835
IMXUSDT|None|None|None|None|3.1492|3.1521|3.1564|3.1552|3.3086|3.3087|(3.1521, 'HTX')|(3.3086, 'MEXC')|0.1565000000000003|4.964944005583589
BETHETH|None|None|None|None|0.9951|0.9976|0.9986|0.9985|None|None|(0.9976, 'HTX')|(0.9985, 'OKX')|0.0009000000000000119|0.09021651964715435
MEMEUSDT|None|None|None|None|0.026439|0.026527|0.02652|0.0265|0.027221|0.027222|(0.02652, 'OKX')|(0.027221, 'MEXC')|0.0007010000000000002|2.643288084464556
POLCUSDT|None|None|None|None|0.012571|0.01263|None|None|0.012003|0.012351|(0.012351, 'MEXC')|(0.012571, 'HTX')|0.0002199999999999997|1.7812322888834888
POOLXUSDT|None|None|None|None|5.569065|5.57|None|None|5.189|5.216|(5.216, 'MEXC')|(5.569065, 'HTX')|0.35306499999999996|6.768884202453988
CRVUSDT|0.547|0.55|None|None|0.5482|0.5487|0.5485|0.5484|0.5473|0.5474|(0.5474, 'MEXC')|(0.5484, 'OKX')|0.0010000000000000009|0.18268176835951788
BTCBRL|None|None|None|None|250309.35|282267.95|260911.4|260192.8|None|None|(260911.4, 'OKX')|(260192.8, 'OKX')|-718.6000000000058|-0.27541916527986354
ICEUSDT|None|None|None|None|None|None|0.00638|0.00637|0.006559|0.006612|(0.00638, 'OKX')|(0.006559, 'MEXC')|0.00017899999999999947|2.805642633228832
OMNUSDT|None|None|None|None|None|None|0.007872|0.007846|0.007955|0.008074|(0.007872, 'OKX')|(0.007955, 'MEXC')|8.299999999999974e-05|1.0543699186991837
NEWUSDT|None|None|None|None|4.075e-05|4.127e-05|None|None|4.133e-05|4.241e-05|(4.127e-05, 'HTX')|(4.133e-05, 'MEXC')|5.999999999999604e-08|0.1453840562151588
HBARUSDT|None|None|None|None|0.08575|0.085803|0.08592|0.0859|0.09688|0.09694|(0.085803, 'HTX')|(0.09688, 'MEXC')|0.01107699999999999|12.909805018472536
RONUSDT|None|None|None|None|None|None|2.998|2.997|3.309|3.318|(2.998, 'OKX')|(3.309, 'MEXC')|0.31099999999999994|10.373582388258837
DOTUSDT|7.81|7.83|7.82|7.817|7.815|7.8219|7.818|7.816|7.77|7.771|(7.771, 'MEXC')|(7.817, 'EXMO')|0.04600000000000026|0.5919444086990125
KSMUSDT|None|None|None|None|45.7839|45.814|45.9|45.88|47.24|47.26|(45.814, 'HTX')|(47.24, 'MEXC')|1.426000000000002|3.1125856725018597
CKBUSDT|None|None|None|None|0.012225|0.012299|None|None|0.012733|0.012822|(0.012299, 'HTX')|(0.012733, 'MEXC')|0.00043400000000000036|3.528742174160504
XPETUSDT|None|None|None|None|0.9005|0.9104|None|None|0.832|0.851|(0.851, 'MEXC')|(0.9005, 'HTX')|0.04949999999999999|5.81668625146886
DOGEUSDT|0.0853|0.0854|0.086666|0.08528255|0.086112|0.086116|0.08612|0.08611|0.08621|0.08622|(0.0854, 'BIT')|(0.08621, 'MEXC')|0.0008099999999999913|0.94847775175643
CONVUSDT|None|None|None|None|None|None|0.000903|0.000901|0.0008388|0.0008517|(0.0008517, 'MEXC')|(0.000901, 'OKX')|4.929999999999995e-05|5.788423153692609
KAVAUSDT|None|None|None|None|0.7703|0.7722|None|None|0.772|0.773|(0.7722, 'HTX')|(0.772, 'MEXC')|-0.00019999999999997797|-0.02590002590002305
ACHUSDT|None|None|None|None|0.021556|0.02158|0.02158|0.02156|0.02156|0.02157|(0.02157, 'MEXC')|(0.02156, 'OKX')|-9.999999999999593e-06|-0.04636068613815296
MASKUSDT|3.748|3.755|None|None|3.749|3.7508|3.753|3.751|3.868|3.869|(3.7508, 'HTX')|(3.868, 'MEXC')|0.11719999999999997|3.12466673776261
O3USDT|None|None|None|None|0.0557|0.0573|None|None|0.0552|0.05579|(0.05579, 'MEXC')|(0.0557, 'HTX')|-8.99999999999998e-05|-0.16131923283742572
NEOUSDT|None|None|13.085|13.072666|13.07|13.08|13.081|13.076|12.847|12.864|(12.864, 'MEXC')|(13.076, 'OKX')|0.21199999999999974|1.6480099502487542
WAVESUSDT|None|None|None|None|2.3346|2.3379|None|None|2.338|2.339|(2.3379, 'HTX')|(2.338, 'MEXC')|0.00010000000000021103|0.004277342914590488
PITUSDT|None|None|None|None|None|None|4.8e-10|4.76e-10|4.769e-10|4.807e-10|(4.8e-10, 'OKX')|(4.769e-10, 'MEXC')|-3.1000000000000203e-12|-0.6458333333333376
VSYSUSDT|None|None|None|None|0.001278|0.001279|0.001285|0.001278|0.0012695|0.001295|(0.001279, 'HTX')|(0.001278, 'HTX')|-9.999999999999159e-07|-0.07818608287724127
SOLUSDT|112.97|113.08|113.02|112.9857|113.0444|113.0532|113.02|113.01|111.42|111.43|(111.43, 'MEXC')|(113.0444, 'HTX')|1.6143999999999892|1.4488019384366768
GASUSDT|None|None|6.6295|6.61965|6.6237|6.6322|6.63|6.627|6.518e-07|6.768e-07|(6.768e-07, 'MEXC')|(6.627, 'OKX')|6.6269993232|979166566.6666666
APEUSDT|1.6342|1.6428|None|None|1.6375|1.6387|1.639|1.638|1.7|1.701|(1.6387, 'HTX')|(1.7, 'MEXC')|0.06129999999999991|3.740770122658199
ILVUSDT|None|None|None|None|None|None|101.34|101.29|103.61|103.62|(101.34, 'OKX')|(103.61, 'MEXC')|2.269999999999996|2.239984211565025
DOTBTC|None|None|0.00015168|0.00015014|0.0001504|0.00015069|0.0001507|0.0001506|0.0001489|0.0001492|(0.0001492, 'MEXC')|(0.0001506, 'OKX')|1.400000000000007e-06|0.9383378016085837
JPGUSDT|None|None|None|None|None|None|0.02275|0.02246|0.02312|0.0234|(0.02275, 'OKX')|(0.02312, 'MEXC')|0.00037000000000000227|1.6263736263736364
WAXPUSDT|None|None|None|None|0.059538|0.059669|0.05942|0.05938|0.06093|0.06125|(0.05942, 'OKX')|(0.06093, 'MEXC')|0.0015099999999999975|2.5412319084483297
REIUSDT|None|None|None|None|0.032209|0.032291|None|None|0.03245|0.03253|(0.032291, 'HTX')|(0.03245, 'MEXC')|0.00015899999999999942|0.4923972623950928
1INCHUSDT|None|None|None|None|0.455315|0.455721|0.456|0.4558|0.4568|0.4569|(0.455721, 'HTX')|(0.4568, 'MEXC')|0.0010789999999999966|0.23676767144810018
CRTSUSDT|None|None|None|None|0.00021741|0.000224|None|None|0.000195|0.000209|(0.000209, 'MEXC')|(0.00021741, 'HTX')|8.409999999999982e-06|4.0239234449760675
UNIBOTUSDT|None|None|None|None|52.5196|52.5999|None|None|54.7|54.92|(52.5999, 'HTX')|(54.7, 'MEXC')|2.1001000000000047|3.992593141812066
BGBUSDT|0.866|0.8678|None|None|None|None|None|None|1.04872|1.04999|(0.8678, 'BIT')|(1.04872, 'MEXC')|0.18092000000000008|20.84812168702467
STETHUSDT|2830.5|2836.0|None|None|2810.71|2845.0|2836.57|2834.56|2863.97|2916.68|(2836.0, 'BIT')|(2863.97, 'MEXC')|27.9699999999998|0.9862482369534485
ETHTUSD|None|None|None|None|1889.41|2993.52|None|None|2976.02|2978.72|(2978.72, 'MEXC')|(2976.02, 'MEXC')|-2.699999999999818|-0.09064296073480617
ONDOUSDT|None|None|None|None|0.266779|0.267646|None|None|0.28289|0.28378|(0.267646, 'HTX')|(0.28289, 'MEXC')|0.01524399999999998|5.695582971537023
FILUSDT|5.922|5.93|None|None|5.9264|5.928|5.927|5.926|6.571|6.572|(5.927, 'OKX')|(6.571, 'MEXC')|0.6440000000000001|10.86553062257466
XETAUSDT|None|None|None|None|0.013955|0.014629|0.01452|0.01444|0.021052|0.022711|(0.01452, 'OKX')|(0.021052, 'MEXC')|0.006532000000000001|44.986225895316814
DYPUSDT|None|None|None|None|0.0348|0.0349|None|None|0.03508|0.03542|(0.0349, 'HTX')|(0.03508, 'MEXC')|0.0001799999999999996|0.5157593123209158
CFXUSDT|None|None|None|None|None|None|0.2444|0.2443|0.2397|0.2398|(0.2398, 'MEXC')|(0.2443, 'OKX')|0.004499999999999976|1.8765638031692977
FUDUSDT|None|None|None|None|10.3825|10.6374|None|None|1.468e-07|1.469e-07|(1.469e-07, 'MEXC')|(10.3825, 'HTX')|10.3824998531|7067733051.803948
GMPDUSDT|None|None|None|None|0.01639|0.016498|None|None|0.016413|0.016699|(0.016498, 'HTX')|(0.016413, 'MEXC')|-8.499999999999827e-05|-0.5152139653291203
ABBCUSDT|None|None|None|None|0.0326|0.03266|None|None|0.03459|0.03476|(0.03266, 'HTX')|(0.03459, 'MEXC')|0.0019300000000000012|5.9093692590324585
ADABTC|None|None|1.168e-05|1.151e-05|1.156e-05|1.159e-05|1.158e-05|1.1574e-05|1.1969e-05|1.202e-05|(1.158e-05, 'OKX')|(1.1969e-05, 'MEXC')|3.8900000000000085e-07|3.359240069084636
POOHUSDT|None|None|None|None|5.4e-09|5.53e-09|None|None|4.902e-09|5.041e-09|(5.041e-09, 'MEXC')|(5.4e-09, 'HTX')|3.590000000000001e-10|7.121602856576078
FLMUSDT|None|None|None|None|None|None|0.08762|0.0876|0.09264|0.09267|(0.08762, 'OKX')|(0.09264, 'MEXC')|0.005019999999999997|5.729285551244004
TENETUSDT|None|None|None|None|0.098863|0.099824|None|None|0.10694|0.10797|(0.099824, 'HTX')|(0.10694, 'MEXC')|0.007115999999999997|7.128546241384836
SWAPUSDT|None|None|None|None|0.2127|0.214|None|None|0.21274|0.21299|(0.21299, 'MEXC')|(0.21274, 'MEXC')|-0.0002500000000000002|-0.11737640264801175
NFTUSDT|None|None|None|None|4.484e-07|4.487e-07|4.483e-07|4.482e-07|4.504e-07|4.51e-07|(4.483e-07, 'OKX')|(4.504e-07, 'MEXC')|2.099999999999999e-09|0.46843631496765537
DFUSDT|None|None|None|None|0.0451|0.0457|None|None|0.04458|0.04467|(0.04467, 'MEXC')|(0.0451, 'HTX')|0.0004299999999999998|0.9626147302440112
MOOVUSDT|None|None|None|None|0.00352|0.003549|None|None|0.004043|0.004045|(0.003549, 'HTX')|(0.004043, 'MEXC')|0.0004939999999999996|13.919413919413909
MBXUSDT|None|None|None|None|0.7075|0.7115|None|None|0.6957|0.7021|(0.7021, 'MEXC')|(0.7075, 'HTX')|0.005400000000000071|0.7691212078051662
ICPUSDT|None|None|None|None|13.48|13.5|13.491|13.489|14.115|14.116|(13.491, 'OKX')|(14.115, 'MEXC')|0.6240000000000006|4.6253057593951565
WOOFUSDT|None|None|None|None|0.0002601|0.0002678|None|None|0.0002724|0.0002799|(0.0002678, 'HTX')|(0.0002724, 'MEXC')|4.600000000000003e-06|1.7176997759522044
EOSBTC|None|None|1.55e-05|1.452e-05|1.491e-05|1.497e-05|1.495e-05|1.493e-05|1.483e-05|1.489e-05|(1.489e-05, 'MEXC')|(1.493e-05, 'OKX')|3.999999999999962e-08|0.268636668905303
FTMUSDT|0.421|0.423|None|None|0.4208|0.4211|0.4213|0.4211|0.426|0.4261|(0.4211, 'HTX')|(0.426, 'MEXC')|0.0049000000000000155|1.1636190928520578
XPLAUSDT|None|None|None|None|0.1969|0.1972|None|None|0.1953|0.196|(0.196, 'MEXC')|(0.1969, 'HTX')|0.0008999999999999841|0.45918367346937966
PSGUSDT|None|None|None|None|3.4394|3.4863|None|None|3.467|3.47|(3.47, 'MEXC')|(3.467, 'MEXC')|-0.0030000000000001137|-0.08645533141210701
OGNUSDT|None|None|None|None|0.1774|0.1777|None|None|0.1754|0.1755|(0.1755, 'MEXC')|(0.1774, 'HTX')|0.0019000000000000128|1.08262108262109
TOKEUSDT|None|None|None|None|0.7328|0.7546|None|None|0.9658|0.9902|(0.7546, 'HTX')|(0.9658, 'MEXC')|0.21119999999999994|27.988338192419814
VELOUSDT|None|None|None|None|0.0054|0.005411|0.005402|0.005397|0.005375|0.005392|(0.005392, 'MEXC')|(0.0054, 'HTX')|8.000000000000194e-06|0.1483679525222588
MAGICUSDT|None|None|None|None|1.3491|1.35|1.3501|1.3497|1.3947|1.3948|(1.35, 'HTX')|(1.3947, 'MEXC')|0.04469999999999996|3.3111111111111082
CREUSDT|None|None|None|None|0.005284|0.0053|None|None|0.005499|0.005527|(0.0053, 'HTX')|(0.005499, 'MEXC')|0.0001990000000000004|3.754716981132083
NESTUSDT|None|None|None|None|0.00321|0.003323|None|None|0.003437|0.00358|(0.003323, 'HTX')|(0.003437, 'MEXC')|0.00011399999999999995|3.4306349684020447
ELFBTC|None|None|None|None|1.171e-05|1.189e-05|None|None|1.20244e-05|1.21756e-05|(1.189e-05, 'HTX')|(1.20244e-05, 'MEXC')|1.3439999999999993e-07|1.1303616484440702
NEOBTC|None|None|0.00025636|0.0002509|None|None|0.0002526|0.0002518|0.0002455|0.0002469|(0.0002469, 'MEXC')|(0.0002518, 'OKX')|4.900000000000011e-06|1.9846091535034471
BRWLUSDT|None|None|None|None|0.012739|0.012853|0.012867|0.012816|None|None|(0.012853, 'HTX')|(0.012816, 'OKX')|-3.7000000000000574e-05|-0.2878705360616243
LTCUSDT|70.03|70.19|70.28142|70.14|70.04|70.05|70.09|70.07|70.73|70.74|(70.05, 'HTX')|(70.73, 'MEXC')|0.6800000000000068|0.9707351891506165
PONDUSDT|None|None|None|None|0.022924|0.023142|None|None|0.02207|0.02212|(0.02212, 'MEXC')|(0.022924, 'HTX')|0.0008039999999999992|3.634719710669074
INGUSDT|None|None|None|None|0.0002491|0.0002515|None|None|0.0002479|0.0002504|(0.0002504, 'MEXC')|(0.0002491, 'HTX')|-1.3000000000000316e-06|-0.519169329073495
BICOUSDT|None|None|None|None|0.4096|0.4103|0.4096|0.4093|0.4463|0.4467|(0.4096, 'OKX')|(0.4463, 'MEXC')|0.036699999999999955|8.95996093749999
MYROUSDT|None|None|None|None|0.088602|0.088982|None|None|0.08943|0.0896|(0.088982, 'HTX')|(0.08943, 'MEXC')|0.00044799999999999007|0.5034726124384595
LINKBTC|None|None|0.00039088|0.00038165|0.0003869|0.00038864|0.0003884|0.0003883|None|None|(0.0003884, 'OKX')|(0.0003883, 'OKX')|-1.0000000000000243e-07|-0.02574665293511906
SRTUSDT|None|None|None|None|2.827e-05|2.898e-05|None|None|4.872e-05|4.873e-05|(2.898e-05, 'HTX')|(4.872e-05, 'MEXC')|1.974e-05|68.11594202898551
XNOUSDT|None|None|None|None|0.000147|0.000148|1.257|1.253|None|None|(0.000148, 'HTX')|(1.253, 'OKX')|1.2528519999999999|846521.6216216215
LUNRUSDT|None|None|None|None|0.0581|0.0587|None|None|0.05872|0.05886|(0.0587, 'HTX')|(0.05872, 'MEXC')|1.9999999999999185e-05|0.03407155025553524
AERGOUSDT|None|None|None|None|None|None|0.1367|0.1361|0.14281|0.14309|(0.1367, 'OKX')|(0.14281, 'MEXC')|0.006110000000000004|4.469641550841262
XCNUSDT|None|None|None|None|0.001706|0.001732|None|None|0.0017219|0.0017504|(0.001732, 'HTX')|(0.0017219, 'MEXC')|-1.0100000000000083e-05|-0.5831408775981572
SOLUSDC|None|None|None|None|None|None|113.08|113.07|111.181|111.532|(111.532, 'MEXC')|(113.07, 'OKX')|1.5379999999999967|1.3789764372556725
LIKEUSDT|None|None|None|None|0.049268|0.04942|None|None|0.046756|0.047856|(0.047856, 'MEXC')|(0.049268, 'HTX')|0.0014119999999999966|2.9505182213306513
BIGTIMEUSDT|None|None|None|None|None|None|0.4374|0.4373|0.41717|0.41845|(0.41845, 'MEXC')|(0.4373, 'OKX')|0.018850000000000033|4.5047197992591785
VETUSDT|None|None|None|None|0.047204|0.047335|None|None|0.0445|0.04474|(0.04474, 'MEXC')|(0.047204, 'HTX')|0.002464000000000001|5.507375949932948
TIAUSDT|None|None|None|None|18.6274|18.6663|18.643|18.636|18.7003|18.7004|(18.643, 'OKX')|(18.7003, 'MEXC')|0.05729999999999791|0.30735396663625975
FSNUSDT|None|None|None|None|0.1613|0.1648|None|None|0.1619|0.1645|(0.1645, 'MEXC')|(0.1619, 'MEXC')|-0.002600000000000019|-1.5805471124620176
AURORAUSDT|None|None|None|None|0.3207|0.3234|None|None|0.27328|0.27526|(0.27526, 'MEXC')|(0.3207, 'HTX')|0.04543999999999998|16.50802877279662
CTCUSDT|None|None|None|None|0.5409|0.5413|0.5418|0.5412|0.5306|0.5313|(0.5313, 'MEXC')|(0.5412, 'OKX')|0.00990000000000002|1.8633540372670845
SOLBTC|None|None|0.00218501|0.00217074|0.00217502|0.00217896|0.0021774|0.0021773|0.002134|0.00213863|(0.00213863, 'MEXC')|(0.0021773, 'OKX')|3.86700000000002e-05|1.8081669105923044
JUPUSDT|None|None|None|None|0.5208|0.5221|0.5224|0.522|0.5333|0.5341|(0.5221, 'HTX')|(0.5333, 'MEXC')|0.011199999999999988|2.145182915150352
STPTUSDT|None|None|None|None|0.056429|0.056671|None|None|0.05796|0.058|(0.056671, 'HTX')|(0.05796, 'MEXC')|0.0012889999999999985|2.274531947556949
STARLUSDT|None|None|None|None|None|None|3.085e-06|3.082e-06|3.1504e-06|3.1598e-06|(3.085e-06, 'OKX')|(3.1504e-06, 'MEXC')|6.539999999999983e-08|2.1199351701782763
MKRUSDT|2102.0|2111.0|2142.14923463|2022.10000016|2104.39|2106.38|2106.9|2106.6|2189.1|2189.8|(2106.38, 'HTX')|(2189.1, 'MEXC')|82.7199999999998|3.927116664609415
DCKUSDT|None|None|None|None|0.05116|0.05131|None|None|0.06307|0.06386|(0.05131, 'HTX')|(0.06307, 'MEXC')|0.01176|22.91950886766712
OCTUSDT|None|None|None|None|0.3896|0.402|None|None|0.39109|0.40123|(0.40123, 'MEXC')|(0.39109, 'MEXC')|-0.010139999999999982|-2.5272287715275485
NBSUSDT|None|None|None|None|0.000154|0.000159|None|None|0.0001649|0.00016612|(0.000159, 'HTX')|(0.0001649, 'MEXC')|5.900000000000008e-06|3.7106918238993765
EVMOSUSDT|None|None|None|None|0.08|0.0801|None|None|0.0808|0.08177|(0.0801, 'HTX')|(0.0808, 'MEXC')|0.0006999999999999923|0.8739076154806396
GRTUSDT|0.1866|0.1875|None|None|0.187151|0.187241|0.1871|0.187|0.2636|0.2637|(0.1871, 'OKX')|(0.2636, 'MEXC')|0.07650000000000001|40.887226082308935
BXENUSDT|None|None|None|None|1.646e-09|1.654e-09|None|None|1.468e-09|1.504e-09|(1.504e-09, 'MEXC')|(1.646e-09, 'HTX')|1.4199999999999992e-10|9.441489361702121
TRIBEUSDT|None|None|None|None|0.2228|0.2285|None|None|0.4036|0.4132|(0.2285, 'HTX')|(0.4036, 'MEXC')|0.1751|76.63019693654267
ETHBTC|0.054641|0.05466|0.05465|0.0546|0.054615|0.054635|0.05463|0.05462|0.055673|0.055691|(0.05463, 'OKX')|(0.055673, 'MEXC')|0.0010430000000000023|1.9092073952041044
IDUSDT|None|None|None|None|0.5956|0.5964|0.596|0.5958|0.61869|0.61872|(0.596, 'OKX')|(0.61869, 'MEXC')|0.022689999999999988|3.80704697986577
UFTUSDT|None|None|None|None|0.4127|0.4129|None|None|0.406|0.4069|(0.4069, 'MEXC')|(0.4127, 'HTX')|0.005800000000000027|1.4254116490538284
RANKERUSDT|None|None|None|None|0.002395|0.00243|None|None|0.002449|0.002467|(0.00243, 'HTX')|(0.002449, 'MEXC')|1.899999999999992e-05|0.7818930041152231
SUKUUSDT|None|None|None|None|0.0558|0.0565|None|None|0.0579|0.05838|(0.0565, 'HTX')|(0.0579, 'MEXC')|0.0013999999999999985|2.4778761061946875
AGIXUSDT|0.3432|0.3572|None|None|0.3505|0.3508|0.3502|0.3501|0.54471|0.54498|(0.3502, 'OKX')|(0.54471, 'MEXC')|0.19451000000000002|55.54254711593375
ORBUSDT|None|None|None|None|0.032006|0.032208|0.03244|0.03233|None|None|(0.032208, 'HTX')|(0.03233, 'OKX')|0.00012199999999999711|0.3787878787878698
HFTUSDT|None|None|None|None|0.3692|0.3697|None|None|0.3808|0.3809|(0.3697, 'HTX')|(0.3808, 'MEXC')|0.011100000000000054|3.0024344062753734
CVPUSDT|None|None|None|None|0.4834|0.4882|None|None|0.4659|0.4668|(0.4668, 'MEXC')|(0.4834, 'HTX')|0.016600000000000004|3.556126820908313
ETCUSDT|26.79|27.16|27.178359|27.075|27.0576|27.0842|27.09|27.08|26.7|26.71|(26.71, 'MEXC')|(27.08, 'OKX')|0.36999999999999744|1.3852489704230528
BCHBTC|0.005182|0.005186|0.00519709|0.00517308|0.005189|0.005196|0.005191|0.005189|0.005141|0.005175|(0.005175, 'MEXC')|(0.005189, 'HTX')|1.4000000000000123e-05|0.27053140096618594
FTMUSDC|None|None|None|None|None|None|0.4214|0.4211|0.4247644|0.4274638|(0.4214, 'OKX')|(0.4247644, 'MEXC')|0.0033643999999999896|0.7983863312766942
TRBUSDT|None|None|None|None|130.9369|130.9713|131.15|131.09|None|None|(130.9713, 'HTX')|(131.09, 'OKX')|0.11869999999998981|0.09063054272194733
MRSTUSDT|None|None|None|None|None|None|0.002768|0.002755|0.002739|0.002801|(0.002768, 'OKX')|(0.002755, 'OKX')|-1.299999999999999e-05|-0.4696531791907511
SOULUSDT|None|None|None|None|0.0027|0.0028|None|None|0.003848|0.00385|(0.0028, 'HTX')|(0.003848, 'MEXC')|0.0010479999999999999|37.42857142857142
OCEANUSDT|None|None|None|None|0.5178|0.5182|None|None|0.7675|0.7676|(0.5182, 'HTX')|(0.7675, 'MEXC')|0.24929999999999997|48.10883828637591
AZEROUSDT|None|None|None|None|1.2548|1.262|None|None|1.2606|1.2619|(1.2619, 'MEXC')|(1.2606, 'MEXC')|-0.0013000000000000789|-0.10301925667644654
UTKUSDT|None|None|None|None|0.0843|0.0846|0.0848|0.0845|None|None|(0.0846, 'HTX')|(0.0845, 'OKX')|-9.999999999998899e-05|-0.11820330969265838
MATICUSDT|0.926|0.931|0.92980547|0.9279|0.92778|0.927868|0.9281|0.928|1.0038|1.0039|(0.927868, 'HTX')|(1.0038, 'MEXC')|0.075932|8.18349161734212
MATICUSDC|None|None|None|None|None|None|0.9286|0.9285|1.0019|1.006|(0.9286, 'OKX')|(1.0019, 'MEXC')|0.07330000000000003|7.893603273745427
STORJUSDT|None|None|None|None|0.6652|0.6659|0.6655|0.6652|0.7272|0.7273|(0.6655, 'OKX')|(0.7272, 'MEXC')|0.06169999999999998|9.271224643125468
TONUSDT|None|None|2.2219|2.220401|2.2304|2.2319|2.222|2.221|2.243|2.244|(2.2219, 'EXMO')|(2.243, 'MEXC')|0.021099999999999675|0.9496376974661178
ZELIXUSDT|None|None|None|None|0.0005086|0.0005324|None|None|0.0005078|0.0005246|(0.0005246, 'MEXC')|(0.0005086, 'HTX')|-1.5999999999999955e-05|-3.0499428135722373
INJUSDT|None|None|None|None|35.3523|35.6152|35.423|35.42|37.614|37.615|(35.423, 'OKX')|(37.614, 'MEXC')|2.1909999999999954|6.185246873500255
ZILUSDT|None|None|None|None|0.022979|0.023025|0.023|0.02299|0.02346|0.02347|(0.023, 'OKX')|(0.02346, 'MEXC')|0.0004600000000000021|2.000000000000009
LUNCUSDC|None|None|None|None|None|None|0.00013065|0.00013037|0.00013095|0.0001314|(0.00013065, 'OKX')|(0.00013095, 'MEXC')|3.000000000000073e-07|0.2296211251435188
OMGBTC|None|None|1.435e-05|1.319e-05|None|None|None|None|1.386e-05|1.397e-05|(1.397e-05, 'MEXC')|(1.386e-05, 'MEXC')|-1.1000000000000064e-07|-0.7874015748031542
XENUSDT|None|None|None|None|4.19e-07|4.2e-07|None|None|3.824e-07|3.856e-07|(3.856e-07, 'MEXC')|(4.19e-07, 'HTX')|3.339999999999997e-08|8.661825726141071
LHINUUSDT|None|None|None|None|1.362e-05|1.377e-05|1.38e-05|1.37e-05|None|None|(1.377e-05, 'HTX')|(1.37e-05, 'OKX')|-7.000000000000102e-08|-0.508351488743653
LINKETH|None|None|None|None|None|None|0.007127|0.007102|0.006817|0.006846|(0.006846, 'MEXC')|(0.007102, 'OKX')|0.00025600000000000015|3.739409874379202
LOOKSUSDT|None|None|None|None|0.0783|0.079|0.0789|0.07887|0.08208|0.08214|(0.0789, 'OKX')|(0.08208, 'MEXC')|0.0031800000000000023|4.030418250950573
BERRYUSDT|None|None|None|None|0.000249|0.000253|None|None|0.0002426|0.0002504|(0.0002504, 'MEXC')|(0.000249, 'HTX')|-1.400000000000034e-06|-0.5591054313099177
ALGOUSDC|None|None|None|None|None|None|0.19|0.1898|0.19892|0.20024|(0.19, 'OKX')|(0.19892, 'MEXC')|0.008920000000000011|4.694736842105269
LATUSDT|None|None|None|None|0.008043|0.008242|0.00816|0.00815|0.008809|0.008946|(0.00816, 'OKX')|(0.008809, 'MEXC')|0.0006490000000000003|7.953431372549022
STXUSDT|None|None|None|None|None|None|2.5492|2.5482|2.8511|2.8599|(2.5492, 'OKX')|(2.8511, 'MEXC')|0.3019000000000003|11.842931115644134
AAVEUSDC|None|None|None|None|None|None|93.82|93.74|96.0172|96.4218|(93.82, 'OKX')|(96.0172, 'MEXC')|2.1972000000000094|2.3419313579194303
MANAUSDT|0.5008|0.5043|0.49|0.476|0.5018|0.5021|0.502|0.5019|0.5049|0.5052|(0.49, 'EXMO')|(0.5049, 'MEXC')|0.014900000000000024|3.040816326530617
ERNUSDT|None|None|None|None|2.3798|2.436|2.412|2.405|None|None|(2.412, 'OKX')|(2.405, 'OKX')|-0.007000000000000117|-0.2902155887230563
OMGUSDT|0.696|0.699|None|None|0.6968|0.6981|0.6974|0.6972|0.72664|0.72898|(0.6974, 'OKX')|(0.72664, 'MEXC')|0.029239999999999933|4.1927158015486
COREUSDT|None|None|None|None|0.537433|0.538536|0.539|0.5387|0.6377|0.6379|(0.538536, 'HTX')|(0.6377, 'MEXC')|0.09916400000000003|18.41362508727365
GTAIUSDT|None|None|None|None|2.028|2.0281|None|None|2.3673|2.378|(2.0281, 'HTX')|(2.3673, 'MEXC')|0.3392000000000004|16.7250135594892
AAVEUSDT|93.63|93.96|93.77|93.63|93.7298|93.8018|93.77|93.75|96.2|96.21|(93.77, 'EXMO')|(96.2, 'MEXC')|2.430000000000007|2.5914471579396468
XRPETH|None|None|0.00020078|0.0002002|None|None|0.0002006|0.0002004|0.0001915|0.0001931|(0.0001931, 'MEXC')|(0.0002004, 'OKX')|7.299999999999988e-06|3.78042465044018
CELRUSDT|None|None|None|None|None|None|0.02129|0.02125|0.022454|0.022487|(0.02129, 'OKX')|(0.022454, 'MEXC')|0.0011639999999999984|5.467355565993416
QTUMBTC|None|None|6.564e-05|6.488e-05|None|None|6.54e-05|6.51e-05|6.335e-05|6.376e-05|(6.376e-05, 'MEXC')|(6.51e-05, 'OKX')|1.3399999999999973e-06|2.101631116687574
RATSUSDT|0.000261|0.000264|None|None|0.00026058|0.00026099|None|None|0.0002781|0.0002797|(0.00026099, 'HTX')|(0.0002781, 'MEXC')|1.7109999999999977e-05|6.555806735890255
ARBUSDT|None|None|None|None|2.0621|2.063|2.063|2.0627|2.0622|2.0623|(2.0623, 'MEXC')|(2.0627, 'OKX')|0.00039999999999995595|0.019395820200744603
LTCBTC|None|None|0.0013526|0.0013504|0.001348|0.001352|0.001351|0.00135|0.001355|0.001357|(0.001351, 'OKX')|(0.001355, 'MEXC')|4.000000000000097e-06|0.29607698001481103
KP3RUSDT|None|None|None|None|None|None|75.88|75.85|77.62|77.67|(75.88, 'OKX')|(77.62, 'MEXC')|1.740000000000009|2.293094359515036
FORTHUSDT|None|None|None|None|3.5093|3.5287|3.521|3.514|3.739|3.792|(3.521, 'OKX')|(3.739, 'MEXC')|0.21799999999999997|6.191422891224083
PEOPLEUSDT|0.02998|0.03009|None|None|0.029963|0.030029|0.03005|0.03003|0.03205|0.03208|(0.030029, 'HTX')|(0.03205, 'MEXC')|0.002021000000000002|6.730160844516973
BTSUSDT|None|None|None|None|0.00369|0.003704|None|None|0.003733|0.003774|(0.003704, 'HTX')|(0.003733, 'MEXC')|2.900000000000038e-05|0.7829373650108095
IOTXUSDT|0.04778|0.04787|None|None|0.047778|0.047854|None|None|0.06417|0.0642|(0.047854, 'HTX')|(0.06417, 'MEXC')|0.016316000000000004|34.09537342750868
PYTHUSDT|None|None|None|None|0.611469|0.612608|0.6128|0.6127|0.6086|0.6093|(0.6093, 'MEXC')|(0.6127, 'OKX')|0.0034000000000000696|0.5580173970129771
BZZUSDT|None|None|None|None|None|None|0.4358|0.4355|0.4829|0.486|(0.4358, 'OKX')|(0.4829, 'MEXC')|0.047099999999999975|10.807709958696643
ETHUSDT|2835.48|2835.57|2837.0695|2835.77|2835.7|2835.71|2835.98|2835.97|2908.43|2908.44|(2835.57, 'BIT')|(2908.43, 'MEXC')|72.85999999999967|2.5695010174321093
KCALUSDT|None|None|None|None|0.1507|0.1548|0.1526|0.1517|None|None|(0.1526, 'OKX')|(0.1517, 'OKX')|-0.0009000000000000119|-0.5897771952817902
VELAUSDT|None|None|None|None|None|None|0.6223|0.6217|0.7201|0.73|(0.6223, 'OKX')|(0.7201, 'MEXC')|0.0978|15.71589265627511
SNSUSDT|None|None|None|None|0.036711|0.037865|None|None|0.03362|0.03387|(0.03387, 'MEXC')|(0.036711, 'HTX')|0.0028410000000000032|8.387953941541198
KASUSDT|None|None|0.1387|0.1385|None|None|None|None|0.167488|0.167625|(0.1387, 'EXMO')|(0.167488, 'MEXC')|0.028788000000000008|20.75558759913483
LMWRUSDT|None|None|None|None|0.4587|0.4616|None|None|0.5588|0.5611|(0.4616, 'HTX')|(0.5588, 'MEXC')|0.09719999999999995|21.057192374350077
FITFIUSDT|None|None|None|None|0.006686|0.006716|0.006705|0.0067|0.006638|0.006652|(0.006652, 'MEXC')|(0.0067, 'OKX')|4.80000000000003e-05|0.7215874924834681
RUNEUSDT|None|None|None|None|5.9875|6.0008|None|None|5.514|5.515|(5.515, 'MEXC')|(5.9875, 'HTX')|0.47250000000000014|8.567543064369904
XFIUSDT|None|None|None|None|0.9456|0.9477|None|None|0.8559|0.8575|(0.8575, 'MEXC')|(0.9456, 'HTX')|0.08809999999999996|10.274052478134104
CRUUSDT|None|None|None|None|1.9001|1.9059|None|None|1.85|1.8719|(1.8719, 'MEXC')|(1.9001, 'HTX')|0.028200000000000003|1.5064907313424865
TUSDUSDT|None|None|None|None|0.97863|0.98188|None|None|0.9768|0.9769|(0.9769, 'MEXC')|(0.97863, 'HTX')|0.0017300000000000093|0.17709079742041245
XVGUSDT|None|None|None|None|0.003835|0.003859|None|None|0.003845|0.003848|(0.003848, 'MEXC')|(0.003845, 'MEXC')|-2.9999999999999645e-06|-0.07796257796257704
PLCUUSDT|None|None|131.89999999|121.00003796|None|None|None|None|333.73|353.18|(131.89999999, 'EXMO')|(333.73, 'MEXC')|201.83000001000002|153.01743747179813
MATICBTC|None|None|None|None|1.77181e-05|1.79489e-05|1.789e-05|1.787e-05|None|None|(1.789e-05, 'OKX')|(1.787e-05, 'OKX')|-1.999999999999981e-08|-0.1117942984907759
LOVELYUSDT|None|None|None|None|8.08e-08|8.11e-08|None|None|7.8503e-08|8.049e-08|(8.049e-08, 'MEXC')|(8.08e-08, 'HTX')|3.0999999999999417e-10|0.385141011305745
EMUSDT|None|None|None|None|0.000827|0.000838|0.000831|0.000829|None|None|(0.000831, 'OKX')|(0.000829, 'OKX')|-2.0000000000000486e-06|-0.240673886883279
SEIUSDT|None|None|None|None|0.9814|0.9819|None|None|0.9608|0.9609|(0.9609, 'MEXC')|(0.9814, 'HTX')|0.020500000000000074|2.133416588614848
CQTUSDT|None|None|None|None|None|None|0.2054|0.2051|0.20714|0.21221|(0.2054, 'OKX')|(0.20714, 'MEXC')|0.0017399999999999916|0.8471275559883114
THGUSDT|None|None|None|None|None|None|0.0578|0.0572|0.05733|0.05849|(0.0578, 'OKX')|(0.05733, 'MEXC')|-0.0004699999999999982|-0.8131487889273326
LUNAUSDC|None|None|None|None|None|None|0.7339|0.7326|0.7175|0.7207|(0.7207, 'MEXC')|(0.7326, 'OKX')|0.011900000000000022|1.6511724712085503
GALAUSDT|0.027|0.0273|None|None|0.027163|0.027199|0.02719|0.02717|0.02754|0.02755|(0.02719, 'OKX')|(0.02754, 'MEXC')|0.0003499999999999996|1.2872379551305613
GNSUSDT|None|None|None|None|6.1589|6.2623|None|None|6.529|6.53|(6.2623, 'HTX')|(6.529, 'MEXC')|0.26670000000000016|4.258818644906826
UNIBTC|None|None|0.000146|0.00014541|None|None|0.0001459|0.0001457|None|None|(0.0001459, 'OKX')|(0.0001457, 'OKX')|-2.0000000000000486e-07|-0.13708019191227203
JTOUSDT|None|None|None|None|2.2369|2.2391|2.238|2.236|2.3467|2.3468|(2.238, 'OKX')|(2.3467, 'MEXC')|0.1086999999999998|4.857015192135827
SYNUSDT|None|None|None|None|0.7092|0.7175|None|None|0.7731|0.7742|(0.7175, 'HTX')|(0.7731, 'MEXC')|0.05559999999999998|7.749128919860625
ALIUSDT|None|None|None|None|0.023174|0.023191|None|None|0.03844|0.03889|(0.023191, 'HTX')|(0.03844, 'MEXC')|0.015249000000000002|65.75395627614161
SSWPUSDT|None|None|None|None|None|None|0.002148|0.002144|0.0020181|0.0020375|(0.0020375, 'MEXC')|(0.002144, 'OKX')|0.00010650000000000026|5.226993865030688
ICXUSDT|None|None|None|None|0.2406|0.241|0.241|0.2406|None|None|(0.241, 'HTX')|(0.2406, 'HTX')|-0.0003999999999999837|-0.16597510373443308
DUSKUSDT|None|None|None|None|0.3312|0.3313|None|None|0.29645|0.29749|(0.29749, 'MEXC')|(0.3312, 'HTX')|0.03371000000000002|11.331473326834523
APEDUSDT|None|None|None|None|0.4078|0.4313|None|None|0.4137|0.4193|(0.4193, 'MEXC')|(0.4137, 'MEXC')|-0.005599999999999994|-1.3355592654424024
CVCUSDT|None|None|None|None|0.1001|0.1003|0.1|0.0999|None|None|(0.1, 'OKX')|(0.1001, 'HTX')|9.999999999998899e-05|0.09999999999998899
SNXUSDT|None|None|None|None|3.7063|3.7097|3.712|3.711|3.797|3.798|(3.7097, 'HTX')|(3.797, 'MEXC')|0.08729999999999993|2.353290023452029
BTCSUSDT|2.0|2.1|None|None|None|None|None|None|0.00367|0.003885|(0.003885, 'MEXC')|(2.0, 'BIT')|1.996115|51380.05148005148
SPAUSDT|None|None|None|None|0.009245|0.009647|None|None|0.011187|0.011455|(0.009647, 'HTX')|(0.011187, 'MEXC')|0.0015400000000000014|15.963511972633995
TOPUSDT|None|None|None|None|0.000353|0.000354|None|None|0.0003402|0.0003656|(0.000354, 'HTX')|(0.000353, 'HTX')|-9.9999999999997e-07|-0.28248587570620626
RACAUSDT|0.000166|0.000169|None|None|0.0001632|0.0001658|0.0001675|0.0001674|0.0001661|0.0001662|(0.0001658, 'HTX')|(0.0001674, 'OKX')|1.6000000000000118e-06|0.9650180940892713
AITECHUSDT|None|None|None|None|0.07328|0.07375|None|None|0.12746|0.12839|(0.07375, 'HTX')|(0.12746, 'MEXC')|0.053709999999999994|72.8271186440678
LAIUSDT|None|None|None|None|0.011458|0.011567|None|None|0.025121|0.025297|(0.011567, 'HTX')|(0.025121, 'MEXC')|0.013554000000000002|117.17817930319013
RIOUSDT|None|None|None|None|0.9452|0.9658|0.8996|0.899|0.8946|0.8974|(0.8974, 'MEXC')|(0.9452, 'HTX')|0.047800000000000065|5.326498774236691
BAKEUSDT|None|None|None|None|0.4278|0.4315|None|None|0.4152|0.4154|(0.4154, 'MEXC')|(0.4278, 'HTX')|0.012400000000000022|2.985074626865677
WOOUSDT|None|None|None|None|0.41299|0.41399|0.4135|0.4133|0.4386|0.4389|(0.4135, 'OKX')|(0.4386, 'MEXC')|0.02510000000000001|6.070133010882712
LUNAUSDT|0.001|None|None|None|0.7326|0.7333|0.733|0.7328|0.7189|0.7192|(0.7192, 'MEXC')|(0.7328, 'OKX')|0.013600000000000056|1.8909899888765374
SOLOUSDT|None|None|None|None|0.1733|0.17339|None|None|0.168|0.16885|(0.16885, 'MEXC')|(0.1733, 'HTX')|0.0044500000000000095|2.6354752739117617
ZETAUSDT|None|None|None|None|2.7444|2.7551|2.7482|2.7471|2.4604|2.4666|(2.4666, 'MEXC')|(2.7471, 'OKX')|0.28049999999999997|11.37192897105327
TLOSUSDT|None|None|None|None|0.2537|0.2549|None|None|0.37827|0.379|(0.2549, 'HTX')|(0.37827, 'MEXC')|0.12336999999999998|48.39937230286386
WENUSDT|None|None|None|None|8.6e-05|8.66e-05|None|None|9.13e-05|9.18e-05|(8.66e-05, 'HTX')|(9.13e-05, 'MEXC')|4.699999999999992e-06|5.427251732101608
OGVUSDT|None|None|None|None|0.010125|0.010267|None|None|0.010475|0.010533|(0.010267, 'HTX')|(0.010475, 'MEXC')|0.00020799999999999985|2.02590824973215
PYRUSDT|None|None|None|None|6.9202|6.9478|None|None|7.04|7.042|(6.9478, 'HTX')|(7.04, 'MEXC')|0.09220000000000006|1.3270387748639867
SKLUSDT|None|None|None|None|0.09822|0.09842|0.09849|0.09837|0.0913|0.09176|(0.09176, 'MEXC')|(0.09837, 'OKX')|0.006610000000000005|7.203574542284225
NPTUSDT|None|None|None|None|0.466|0.4683|None|None|0.5329|0.5355|(0.4683, 'HTX')|(0.5329, 'MEXC')|0.06460000000000005|13.7945761264147
NEARUSDT|3.38|3.4|3.4003|3.3915|3.3894|3.3928|3.391|3.39|3.53|3.531|(3.391, 'OKX')|(3.53, 'MEXC')|0.1389999999999998|4.099085815393683
