gen_name|original_name|open|high|low|close|amount|vol|count|bid|bidSize|ask|askSize
SYLOUSDT|sylousdt|0.001988|0.002114|0.001968|0.002036|231992093.5622|464905.4717575351|9077|0.002029|45056.3955|0.002046|12782.2861
ZIGUSDT|zigusdt|0.051502|0.054446|0.050443|0.053883|1186417.865329927|62062.977418750284|2589|0.053808|736.1231|0.053975|218.8958
WALLETUSDT|walletusdt|0.011963|0.0125|0.011873|0.012369|41518798.77937573|509021.8266411301|28217|0.012333|1131.4827|0.012404|2685.3056
MUSICUSDT|musicusdt|0.123597|0.136748|0.123432|0.12885|27460798.593849454|3517729.220965392|56205|0.128824|227.2299|0.128875|153.2911
BTCTRY|btctry|1625974.51|1625974.51|1625974.51|1625974.51|0.001025|1585.62361955|2|1517535.46|0.009113|1621891.76|0.00236
HBBUSDT|hbbusdt|0.2498|0.2815|0.2341|0.2654|130894.72144760123|33003.13967790715|1063|0.2638|39.2662|0.2662|46.1838
ANALOSUSDT|analosusdt|9.68e-05|0.0001028|9.51e-05|9.95e-05|28003203478.819717|2753749.8437049943|34300|9.92e-05|1052777.5898|9.99e-05|409163.3465
KOKUSDT|kokusdt|0.00814|0.00844|0.00777|0.00795|2233755.3931795983|17840.797402228|222|0.00795|1300.0|0.008|4198.5479
LUNCUSDD|luncusdd|0.00011472|0.00011809|0.0001131|0.00011712|39919987.74|4610.4344290535|236|0.00011497|5627350.28|0.0001169|2957994.14
KCTUSDT|kctusdt|0.005709|0.00608|0.005593|0.005912|13281786.684320044|76832.8374966307|1688|0.005871|1873.4696|0.005953|6360.6285
SMTUSDT|smtusdt|0.002997|0.00323|0.002878|0.002888|21643295.768|66339.289740066|226|0.002903|12000.0|0.002971|17670.6746
BABYUSDT|babyusdt|0.001329|0.001347|0.001271|0.001319|1267414050.0457|1665968.09234391|61604|0.001315|15976.9751|0.001324|86234.0719
MEDAMONUSDT|medamonusdt|0.002297|0.002297|0.001877|0.002115|636762.4630358476|1312.7537094734|51|0.002115|12482.2695|0.002273|10724.7651
SCUSDT|scusdt|0.009004|0.01085|0.008951|0.00967|35365507.47917999|332192.30579368|8382|0.009635|22075.16|0.009716|5178.52
ARIXUSDT|arixusdt|0.3264|0.3399|0.3251|0.3356|250934.90105220984|83234.79338944|3663|0.3351|70.3597|0.3373|120.6106
RLYUSDT|rlyusdt|0.007042|0.007307|0.006753|0.006994|73040007.64|505051.75812303|28490|0.006937|9946.66|0.00705|2230.3
ATOMBTC|atombtc|0.0001971|0.00020161|0.0001968|0.00020021|245.27897458347925|0.04879650687|84|0.00019998|16.258|0.00020066|40.0
VELOUSDT|velousdt|0.005409|0.005841|0.005336|0.005495|296627013.31174415|1619271.3613576433|43590|0.005485|7912.7404|0.005508|10643.5594
POLCUSDT|polcusdt|0.010661|0.012563|0.010601|0.011212|109708351.7281607|1193275.7761074153|31848|0.011196|4120.2548|0.011233|12777.4852
BSVBTC|bsvbtc|0.001635|0.001666|0.001631|0.001636|12.0517|0.0197838952|19|0.001634|2.042|0.00164|15.2671
LADYSUSDT|ladysusdt|5.75e-08|6.32e-08|5.71e-08|6.15e-08|5669897011427.214|332168.7856603561|3402|6.14e-08|267141572.52|6.16e-08|4160028313.18
MAGICUSDT|magicusdt|1.2835|1.3129|1.2695|1.2787|2184586.824886628|2803596.99307201|34129|1.2787|947.4183|1.2791|37.3398
MLKUSDT|mlkusdt|0.3088|0.3182|0.308|0.3137|2547393.4009|795812.8403377|17672|0.3126|52.2987|0.3148|538.2043
ELFUSDT|elfusdt|0.6071|0.6102|0.6017|0.603|3347912.3353140717|2021986.81168333|57399|0.6022|52.9707|0.6037|216.9985
PIUSDT|piusdt|32.018437|33.0|31.241075|31.287206|2292.007814140354|73433.8338806746|2483|31.2872|0.7265|31.287211|0.2194
WAXLUSDT|waxlusdt|1.06583|1.10312|1.05504|1.08399|1448451.5740658576|1558534.92384227|17324|1.08161|118.0083|1.08516|432.2153
LUNCUSDT|luncusdt|0.00011435|0.00011806|0.00011396|0.0001165|174282685.8782018|20066.5136163842|398|0.00011608|3866369.59|0.00011652|5506363.05
LDOUSDT|ldousdt|2.969|3.1491|2.952|3.1379|3545126.073475503|10789730.62984|161936|3.1365|404.2647|3.1396|28.4737
ALICEUSDT|aliceusdt|1.1957|1.2562|1.1848|1.2334|194662.51483798164|234794.82895989|10910|1.2325|14.8223|1.2348|80.4132
JSTUSDD|jstusdd|0.031568|0.031568|0.031154|0.031242|18417830.56|576813.26541667|2075|0.03118|1117.84|0.031329|97400.0
WOZXUSDT|wozxusdt|0.004454|0.004888|0.004334|0.004424|1342780.1329226731|6008.671849965425|54|0.004422|74912.27|0.004566|16902.505
MINEUSDT|mineusdt|0.000245|0.000252|0.000232|0.000249|2808724.4575501992|689.6035852147|45|0.000249|80752.8919|0.00026|50000.0
VPADUSDT|vpadusdt|0.04102|0.04102|0.03792|0.03898|2200335.1975350603|87688.497820997|2987|0.03898|5310.3538|0.03899|600.8907649397281
SAOUSDT|saousdt|0.00322|0.00324|0.002758|0.003168|164149523.38964775|508038.4434935268|27439|0.003129|9575.6868|0.003207|21463.7159
AAVEUSDT|aaveusdt|88.2282|91.3612|87.627|90.024|272128.21692901035|24284255.51783728|149005|90.024|1.8178|90.044|1.9506
ANKRUSDT|ankrusdt|0.025009|0.025362|0.024827|0.025139|8968777.783804012|224466.39818666|4489|0.025115|34568.85|0.025141|4423.29
LUNRUSDT|lunrusdt|0.0608|0.0608|0.0572|0.0594|74484.66270519629|4387.68411612|258|0.0593|43.8249|0.0594|421.431
JSTUSDT|jstusdt|0.031613|0.031638|0.031088|0.031234|394933123.09658855|12372698.87592733|159565|0.031233|1631.23|0.03124|5930.25
AIUSDT|aiusdt|1.3811|1.5387|1.3701|1.4837|3354861.2228656043|4775543.51925301|57866|1.4801|218.525|1.4869|29.773
AKTUSDT|aktusdt|3.1199|3.4|3.0797|3.3212|297239.84557193855|956900.17400214|21138|3.3106|9.0617|3.3311|15.3677
DIOUSDT|diousdt|0.04221|0.047519|0.042052|0.045847|2203549.7135479893|96099.44418214|4758|0.045798|1022.56|0.046087|363.93
F1F2X8Z9|f1f2x8z9|0.0|0.0|0.0|0.0|0.0|0.0|0|0.0|0.0|0.0|0.0
TOMIUSDT|tomiusdt|0.9888|1.031|0.9854|1.0259|6321249.837738971|6291944.687056963|3615|1.0246|12.0449|1.0266|94.0
STFUSDT|stfusdt|0.009317|0.00986|0.009273|0.009749|153897022.39918596|1481447.3701165055|14900|0.009651|1483.9715|0.009837|2374.7931
USDTTRY|usdttry|31.381|31.85|30.995|31.173|2076.5333439307396|64853.94463134|204|31.111|1.3069|31.173|584.9267
WIFIUSDT|wifiusdt|0.1002|0.10428|0.09397|0.101192|1303110.7354669888|129880.1358979738|4985|0.10089|2659.8015|0.101558|338.3729
VRAUSDT|vrausdt|0.006506|0.007047|0.006491|0.006817|86173479.30235887|568008.809355052|29307|0.006817|2563.2325|0.006837|9332.4246
TRUUSDT|truusdt|0.052344|0.054848|0.052008|0.053215|1722465.3344556927|90691.6484263982|1759|0.052583|1870.9356|0.053423|23267.0868
A8S8D8F8|a8s8d8f8|12010.0|12010.0|12010.0|12010.0|0.0|0.0|0|0.0|0.0|12998.0|11454.45131952608
SIGNUSDT|signusdt|0.01118|0.011303|0.01118|0.011246|89428173.0175|1001052.8803772114|25518|0.011184|1926.3803|0.011305|2120.5592
WANBTC|wanbtc|4.45e-06|4.6e-06|4.45e-06|4.6e-06|296311.32|1.343169667|2420|4.6e-06|72.24|4.61e-06|647.57
WPCIUSDT|wpciusdt|0.1147|0.1181|0.1135|0.1152|2609033.0177081195|299841.01894453|6686|0.1135|477.6319|0.1174|262.9551
ACHETH|acheth|7.45e-06|7.47e-06|7.22e-06|7.29e-06|988469.17|7.2478142969|193|7.26e-06|4141.45|7.31e-06|43935.29
CEREUSDT|cereusdt|0.005341|0.005647|0.005275|0.005587|51344532.21739501|282048.963468379|8971|0.005587|2456.4607|0.005642|9686.9743
LOOTUSDT|lootusdt|0.0341|0.035|0.0327|0.0345|1123778.4145|37906.203001|3556|0.0342|1286.9112|0.0349|292.8282
DIAUSDT|diausdt|0.4522|0.4544|0.4415|0.446|8797370.78475039|3921365.53558725|84873|0.4457|848.957|0.4466|135.3708
DOGEUSDT|dogeusdt|0.081536|0.082978|0.080988|0.08258|280697189.4543371|22929788.798227932|73863|0.082573|3266.37|0.082595|2420.78
ZENUSDT|zenusdt|7.7985|8.1048|7.7238|8.0176|130709.49305395676|1039846.6496077|29447|8.0058|1.5108|8.0275|1.4945
RADUSDT|radusdt|1.9402|2.0408|1.9196|1.9379|131283.99822601627|254332.75849479|11121|1.9374|45.0451|1.9378|29.5239
EURUSDT|eurusdt|1.082|1.088|1.076|1.081|36229.6|39219.731|2016|1.074|19.8|1.088|13.7
FNSABTC|fnsabtc|0.000645|0.000668|0.000635|0.000653|1355.0581|0.8791620534|770|0.000651|0.1612|0.000654|1.1952
SDUSDT|sdusdt|1.0217|1.0278|1.0149|1.0255|438830.2774798839|448969.10925006|9955|1.0177|17.9431|1.0305|145.9528
REEFUSDT|reefusdt|0.001521|0.001663|0.001508|0.001574|5809932931.459283|9194863.460147034|150255|0.00157|66694.9345|0.001574|27326.4702
SNSUSDT|snsusdt|0.02429|0.039488|0.023204|0.033805|41685597.34016081|1162602.4645843874|5097|0.03379|2519.68|0.0339|12429.095156637168
WOJAKUSDT|wojakusdt|0.00030172|0.00032758|0.00029408|0.0003228|14169010.897008065|4215.986586378515|122|0.00031643|92478.92|0.00032757|193117.04
LATUSDT|latusdt|0.007492|0.0077|0.007492|0.007597|29702.58|224.54889538|16|0.007672|3910.32|0.007889|2028.31
ELUUSDT|eluusdt|0.027819|0.030136|0.024813|0.026552|254394732.4521295|7109050.1654024655|156102|0.02655|407.3099|0.026556|422.5435
DOGEUSDD|dogeusdd|0.081446|0.083229|0.081052|0.082653|1684637.53|137596.14753117|1684|0.082617|367.14|0.082625|452.53
MGGUSDT|mggusdt|0.001403|0.001545|0.001308|0.001414|358158151.8230312|513848.7739971448|28417|0.001388|32412.225|0.001442|38965.291
SSVUSDT|ssvusdt|30.091|32.8987|29.9982|31.7076|18929.723559430433|587140.4026062|16245|31.6452|41.9775|31.7634|0.3823
FLRUSDT|flrusdt|0.0318|0.035|0.0316|0.0322|16033151.800117206|516989.7742608023|12081|0.0322|25245.9073|0.0324|19315.95
DOTBTC|dotbtc|0.00014507|0.00014801|0.00014507|0.00014776|675.6252679868439|0.098933942658|104|0.00014759|1.5|0.0001478|2.8078
BOSONUSDT|bosonusdt|0.2206|0.2433|0.2197|0.2231|555722.00590446|125943.54138259|2736|0.2209|107.6567|0.2259|340.8902
ARGUSDT|argusdt|1.6577|1.6848|1.615|1.631|447640.6386|737639.88013518|12843|1.6151|43.896|1.6441|15.714
BITCIUSDT|bitciusdt|0.001617|0.001698|0.001535|0.001597|21032943.98222423|33617.7746772292|1656|0.001565|37631.0|0.001625|15927.2034
BRISEUSDT|briseusdt|1.413e-07|1.468e-07|1.377e-07|1.449e-07|3834591609625.25|542757.8966796529|15874|1.447e-07|288489186.3|1.467e-07|240000000.0
FITFIUSDT|fitfiusdt|0.006267|0.006551|0.006219|0.006451|218712815.2037992|1389403.2748701228|18084|0.006443|2099.0192|0.006468|8101.6551
RIOUSDT|riousdt|0.7338|0.8497|0.7172|0.7942|1452728.7970721184|1125190.3525752712|13633|0.7897|28.8913|0.7987|46.8697
TITANUSDT|titanusdt|0.003994|0.004061|0.003826|0.004002|15711992.218386026|61972.56033631|1630|0.003902|85614.0877|0.004014|20570.4681
BTMUSDT|btmusdt|0.008494|0.009284|0.008494|0.009128|3628265.1893425863|32455.25823439|1711|0.009129|1369.17|0.00916|1521.1
CRTSUSDT|crtsusdt|0.0002158|0.0002325|0.00021296|0.0002159|70506486.27|15438.3953089007|954|0.00021296|96065.41|0.00021864|53273.47
BICOUSDT|bicousdt|0.3885|0.3973|0.3852|0.3953|1979164.6481786058|772149.95018818|21822|0.3952|1675.7436|0.3957|1675.7436
PONKEUSDT|ponkeusdt|0.025998|0.028999|0.024748|0.027405|51360304.672748424|1345343.0215383335|25865|0.0274|15621.2412|0.02741|695.15
NFTUSDC|nftusdc|4.44e-07|4.459e-07|4.397e-07|4.422e-07|295615317749.0|130578.0366694145|2719|4.399e-07|64032758.0|4.418e-07|410951640.0
BETHUSDT|bethusdt|2551.35|2694.08|2533.45|2645.14|651.9267384527337|1698880.6164581|42390|2640.02|0.011361|2659.91|0.01
NFTUSDD|nftusdd|4.438e-07|4.497e-07|4.367e-07|4.424e-07|236066203155.0|104234.9613844322|2597|4.412e-07|692783276.0|4.429e-07|2588369461.0
AITECHUSDT|aitechusdt|0.06509|0.07199|0.06477|0.06617|41258608.2249524|2742903.362122639|38806|0.06594|242.7204|0.06643|301.0097
HTXUSDT|htxusdt|1.527e-06|1.549e-06|1.517e-06|1.544e-06|54118470671464.81|82817511.2329217|49915|1.543e-06|1881783122.45|1.545e-06|5301388390.9518385
POLYXUSDT|polyxusdt|0.1701|0.1729|0.1684|0.1706|3170483.8952244762|540597.885503584|12679|0.1706|435.9051|0.1707|894.0204
OLANDUSDT|olandusdt|0.001333|0.001361|0.001302|0.001306|40983897.8789|55032.6623193373|51|0.001302|13473.9836|0.001306|391677.8139
FDTUSDT|fdtusdt|0.011|0.01114|0.01096|0.01099|29133675.428663347|320114.998632577|7097|0.01095|12498.8818|0.01104|9163.6363
ETHPYUSD|ethpyusd|2290.02|2290.02|2290.02|2290.02|0.0|0.0|0|2519.02|0.3587|4998.98|0.2557
DCUSDT|dcusdt|0.000644|0.000684|0.000644|0.000676|2024952990.9530222|1333483.867476398|14062|0.000675|118442.0186|0.000677|459499.964
GARIUSDT|gariusdt|0.030357|0.031446|0.029761|0.030161|20132727.43|609896.65293778|33234|0.03|43746.64|0.030323|771.1
STOREUSDT|storeusdt|0.032545|0.034415|0.032061|0.032766|276730.24072920444|9067.9899823482|243|0.031858|2396.4536|0.033024|931.3333
MAVIAUSDT|maviausdt|8.4371|8.571|7.3804|8.458|5631247.609114653|43584662.20675514|96467|8.4377|1.4412|8.4805|15.7801
AMPUSDT|ampusdt|0.003681|0.00375|0.003623|0.003666|120543279.15765801|442950.2696289272|9830|0.003666|8746.5227|0.003675|14372.7776
JUPUSDT|jupusdt|0.4884|0.5165|0.4847|0.5065|49196615.513844594|24512706.78285986|58396|0.5059|1503.6338|0.5071|658.4326
BNSXUSDT|bnsxusdt|0.2349|0.3|0.234|0.2685|2741994.9107928104|693056.9418302954|13726|0.2635|92.966|0.2734|110.1559
HOTUSDT|hotusdt|0.001958|0.002023|0.001942|0.002003|575465959.2236|1139870.0328553955|13440|0.001992|55890.8004|0.002021|43556.5158
GLMUSDT|glmusdt|0.2162|0.2239|0.2155|0.217|172981.39458243863|37642.02088654|1627|0.216|400.4|0.218|184.8463
ETHBTC|ethbtc|0.051252|0.05367|0.051162|0.053163|817.3874|42.7757078849|5819|0.053144|0.01|0.053163|0.4973
BTCPYUSD|btcpyusd|49355.8|49355.8|48900.46|48900.46|0.006401|313.37633406|3|49108.4|0.017591|59999.86|0.058407
VSYSUSDT|vsysusdt|0.001199|0.001229|0.001186|0.001214|42480313.59480229|50876.14000337211|923|0.001214|2988.0|0.001228|41415.18
TPYUSDT|tpyusdt|0.5645|0.6087|0.5501|0.5993|1075265.8538668675|610379.75984983|18702|0.5924|37.7147|0.6074|126.4302
NFTUSDT|nftusdt|4.442e-07|4.448e-07|4.4e-07|4.416e-07|19259631464505.062|8503775.632396108|140638|4.409e-07|35978093.0|4.423e-07|4029411375.0
BATUSDT|batusdt|0.2341|0.2463|0.2326|0.2375|11465614.066350954|2694055.797361|25371|0.2372|60.0|0.2375|2651.03
ACSUSDT|acsusdt|0.002663|0.002746|0.002577|0.002648|309933882.0622472|824762.7897309426|9966|0.002642|78513.1817|0.002661|9509.0
KUBEUSDT|kubeusdt|0.006603|0.007492|0.006559|0.007303|4483211.9488|30872.8871809961|1451|0.007301|2316.0071|0.007307|25156.07
H9H9X6Z7|h9h9x6z7|1.17|1.17|1.17|1.17|0.0|0.0|0|0.0|0.0|0.0|0.0
WINUSDD|winusdd|0.00010078|0.00010212|9.949e-05|9.952e-05|2413964261.720108|243938.8507712686|1648|9.927e-05|4243801.88|0.00010026|10533924.6
REVOUSDT|revousdt|0.016867|0.017603|0.016|0.016146|68739673.2903349|1120190.6616098357|16087|0.016127|1109.7791|0.016164|1106.3008
SNTUSDT|sntusdt|0.039253|0.040015|0.038949|0.03941|5947351.189016784|233811.1892318332|7900|0.039353|34818.0258|0.039457|22376.4208
FLOKIUSDT|flokiusdt|3.143e-05|3.273e-05|3.12e-05|3.22e-05|51747909801.116394|1641928.7867640683|41873|3.217e-05|35011901.08|3.223e-05|30911901.08
XMRUSDT|xmrusdt|123.88|129.1|123.44|124.56|9584.587218700115|1207334.02484089|17361|124.48|0.161|124.71|0.1648
ZKPUSDT|zkpusdt|0.02394|0.02434|0.02387|0.02432|2586817.2856845395|62494.14261115021|1107|0.0243|1643.493|0.02434|478.02007567789644
CHRUSDT|chrusdt|0.351285|0.363352|0.347658|0.358788|398444.3428548008|140618.20832588|4626|0.357668|4637.68|0.359199|4637.68
XCADUSDT|xcadusdt|1.3269|1.3971|1.3036|1.3213|373984.6912904291|495784.78182666|2502|1.305|21.9152|1.3249|39.4741
DYDXUSDT|dydxusdt|2.9391|3.0597|2.9193|3.0319|497699.29182298173|1486204.389865744|17535|3.0312|0.6794|3.034|58.1293
MANAUSDT|manausdt|0.4787|0.4913|0.4739|0.4767|19436197.528429173|9301824.49336325|92985|0.4766|1053.09|0.4769|464.76
A8S83LD8F8|a8s83ld8f8|7.32|7.32|7.32|7.32|0.0|0.0|0|0.0|0.0|0.0|0.0
NYMUSDT|nymusdt|0.1906|0.1945|0.1889|0.1934|1920375.403972851|367116.79412834|7708|0.1931|87.2651|0.1942|435.7469
ETCUSDT|etcusdt|26.4432|27.287|26.2049|26.9302|564978.2080615405|15005536.19396952|57957|26.9249|59.0939|26.9337|3.2087
BORINGUSDT|boringusdt|0.002979|0.0045|0.002972|0.004089|19266046.224206425|64283.28349436|2314|0.004064|7298.19|0.004198|12151.47
H8H8X6Z7|h8h8x6z7|0.00242|0.00242|0.00242|0.00242|0.0|0.0|0|0.0|0.0|0.0|0.0
ORBRUSDT|orbrusdt|0.3551|0.3563|0.3211|0.3533|648137.6197541842|225927.72135261|932|0.3465|31.0|0.3544|31.0
SEIUSDT|seiusdt|0.7011|0.7654|0.6945|0.7347|42947176.627092876|31191916.44145454|306338|0.7343|1634.9296|0.7354|886.5903
WBTCBTC|wbtcbtc|1.0048|1.0049|1.0048|1.0049|0.000969807941088665|0.0009745199999999994|2|0.9916|0.0114|1.0049|0.000630192058911335
WSMUSDT|wsmusdt|0.007821|0.008294|0.007264|0.007917|158679519.21105862|1251746.3713479424|17622|0.007911|18960.9404|0.007923|2400.0359
VICUSDT|vicusdt|0.7283|0.7561|0.7244|0.7495|3124897.8903223034|2289572.42911419|27883|0.7473|49.6838|0.7517|14.5757
SNCETH|snceth|1.379e-05|1.381e-05|1.321e-05|1.348e-05|4060135.93|54.4317800588|2124|1.321e-05|93.89|1.345e-05|1603.5
TRACEUSDT|traceusdt|0.00877|0.00917|0.00859|0.00871|7501188.21429534|66756.185751847|980|0.00863|7995.365|0.00893|4750.9463
JSTBTC|jstbtc|6.341e-07|6.37e-07|6.227e-07|6.24e-07|10590874.86|6.70666664737|4173|6.224e-07|3160.3|6.246e-07|2503.93
MUBIUSDT|mubiusdt|0.0913|0.1086|0.0912|0.1004|7898528.252902148|769697.1262219269|16415|0.1003|194.0821|0.1008|536.7917
STEEMUSDT|steemusdt|0.2264|0.2287|0.2243|0.2281|670582.587|151549.42285588|1553|0.2281|11648.3663|0.2283|1254.0
AIOZUSDT|aiozusdt|0.1423|0.1487|0.1423|0.1457|224657.0564|32446.19177892|1666|0.1444|140.2524|0.1473|112.0661
CYBERUSDT|cyberusdt|7.4373|7.7133|7.3898|7.6453|465610.3486605297|3509170.68644799|42976|7.6433|5.0|7.6475|2.6
POLSUSDT|polsusdt|0.8324|0.856|0.818|0.8333|349496.4523600778|288635.23237847|7716|0.827|244.0013|0.8387|536.6772
AURYUSDT|auryusdt|1.0265|1.0739|1.0265|1.0592|77000.96631961133|80200.73758612|1327|1.0584|73.5927|1.0594|15.8755
AQTUSDT|aqtusdt|1.3613|1.4671|1.3264|1.4454|35640.9270646036|49383.557105970285|1263|1.4124|48.853|1.4417|12.0723
STPTUSDT|stptusdt|0.054298|0.055543|0.054005|0.054979|571501.28|31234.12271337|1648|0.055008|22826.71|0.055079|558.71
SILLYUSDT|sillyusdt|0.03369|0.03748|0.0331|0.03612|35825376.96898782|1244690.7754861992|23359|0.03599|929.4513|0.03629|1520.0
MNTUSDT|mntusdt|0.662|0.797|0.6545|0.7157|1461210.9272476942|988782.976065|10312|0.7097|210.7|0.7191|261.5115
DORAUSDT|dorausdt|0.1905|0.2042|0.1866|0.1912|1054943.0481580056|203163.27055384|7683|0.1892|364.6934|0.1931|139.7337
ICXUSDT|icxusdt|0.2248|0.2292|0.2235|0.2273|532556.7026373043|120400.22632578|4005|0.2271|6189.3955|0.2275|6627.4151
UNIBOTUSDT|unibotusdt|54.5542|61.6666|53.7604|54.7047|27458.19115382602|1505780.2756823|18669|54.4824|0.3347|54.9099|0.341
AKROUSDT|akrousdt|0.005078|0.005192|0.005071|0.005177|63590965.87533615|325260.64423476043|5038|0.005168|49192.43|0.005184|12199.07
PLAUSDT|plausdt|0.1174|0.121|0.1159|0.116|45356.38393778768|5333.50533862|38|0.1159|145.2496|0.116|3259.7802
BORGUSDT|borgusdt|0.1702|0.1793|0.1639|0.1712|6232063.7794|1066453.56148016|29277|0.1694|422.3324|0.1738|155.7283
SDAOUSDT|sdaousdt|0.3686|0.3722|0.3533|0.3556|186299.7062|68020.97760986|3810|0.3536|126.9931|0.3559|126.4578
DCKUSDT|dckusdt|0.04846|0.04997|0.04707|0.04986|4099475.39|200393.9260237|8071|0.04974|7450.85|0.05011|3274.64
ACTUSDT|actusdt|0.001248|0.001262|0.001229|0.001251|64628867.1142552|79870.51098412|1466|0.001235|9727.43|0.001262|257702.54
DOTUSDT|dotusdt|7.2512|7.449|7.1973|7.3912|2761809.423736232|20105767.4098492|80489|7.3877|624.5021|7.3951|19.7399
GROKUSDT|grokusdt|0.003097|0.003258|0.003076|0.00319|370921641.36085683|1161969.1123011976|14341|0.003183|9849.2925|0.0032|9346.745
SUPERUSDT|superusdt|0.9378|1.17|0.8935|1.0046|119713.09474690043|116403.54933182|2265|1.0003|10.654|1.0073|1313.867
SOLOUSDT|solousdt|0.16503|0.17077|0.1642|0.16964|1399666.8152263004|234249.538588608|6013|0.16912|912.8683|0.1701|728.0306
LINKUSDT|linkusdt|20.268|20.8483|20.0677|20.1516|886065.1960006941|18035658.38894627|85208|20.1448|19.86|20.1593|1.03
STGUSDT|stgusdt|0.576|0.5813|0.5697|0.5794|7515.659657409199|4325.86603542|34|0.5797|2441.4028|0.5812|52.0432
DOTUSDD|dotusdd|7.2316|7.4922|7.1827|7.3883|27065.353727128855|196855.93949058|2125|7.3875|23.5522|7.3994|53.069
LRCUSDT|lrcusdt|0.2419|0.2472|0.2397|0.2421|1453444.7184842508|351609.96327367|9246|0.242|4218.4308|0.2423|407.4975
ADPUSDT|adpusdt|0.001978|0.002021|0.001968|0.00201|33857341.6336|67513.6247583017|2725|0.001968|11245.6437|0.00201|9988.0
REIUSDT|reiusdt|0.029992|0.029992|0.029696|0.029696|4512.181283518512|132.9494071542|15|0.029896|4115.2263|0.030043|400.0
MEMEUSDT|memeusdt|0.023664|0.025665|0.023457|0.025043|177490150.81826514|4291956.861529417|52267|0.025034|7795.4151|0.02506|3506.3443
RDNTUSDT|rdntusdt|0.2923|0.3039|0.2902|0.3006|6318985.969748179|1876090.57469851|21516|0.3005|532.0241|0.3008|3355.196
VISIONUSDT|visionusdt|0.0050054|0.0051986|0.0049993|0.0051541|12716635.366599835|64687.45054958701|4051|0.0051408|94979.3428|0.0051994|4759.9764
KTUSDT|ktusdt|0.001152|0.001162|0.001141|0.001142|68445456.42106007|78599.6016777971|1283|0.001141|8656.8338|0.001142|69384.4891
TAVAUSDT|tavausdt|0.07172|0.07246|0.06851|0.07122|14095844.49127368|1001108.086718759|23244|0.07101|487.9332|0.07146|684.693
DFIUSDT|dfiusdt|0.109|0.1104|0.1064|0.1072|16378045.662682794|1778505.58015714|30971|0.1071|111.7257|0.1073|206.6288
MONOUSDT|monousdt|0.0119|0.0129|0.0119|0.0126|26712.6627|334.8852428|24|0.0125|4665.8064|0.0129|2552.3134
FNSAUSDT|fnsausdt|32.1796|33.1347|31.904|32.7226|3955.1186|128502.37387876|3846|32.6673|1.3264|32.768|0.317
ROCKUSDT|rockusdt|0.00019419|0.00019538|0.00019185|0.00019337|6530619041.109653|1266349.1730938419|34495|0.00019186|130688.67|0.00019496|136624.46
INRUSDT|inrusdt|0.018119|0.021407|0.017915|0.018323|2240557.9744690065|41555.882391133|3240|0.018073|10695.3753|0.018517|740.4768
XDEFIUSDT|xdefiusdt|0.1154|0.1228|0.1154|0.1221|4290.083741349481|511.27978721|18|0.1208|1006.3078|0.122|1006.3078
TRXUSDT|trxusdt|0.12567|0.126029|0.124351|0.125593|181642013.0162688|22743805.062175103|69960|0.125591|1590.04|0.125605|169.0
LPTUSDT|lptusdt|7.6535|7.756|7.5777|7.6688|369417.5528065251|2825805.23702982|41980|7.6657|180.0499|7.6735|164.361
GRAILUSDT|grailusdt|1691.61|1747.28|1687.47|1735.57|477.081006|813477.85895463|13789|1735.58|0.006601|1756.03|0.006264
HFTUSDT|hftusdt|0.3358|0.3432|0.3337|0.3408|14075162.93879472|4746521.55242097|67877|0.3407|293.2542|0.3409|386.3935
ORBSUSDT|orbsusdt|0.035978|0.036526|0.035763|0.036098|9564518.7851|344387.6743973904|7624|0.036082|41476.5657|0.036119|751.0989
MBOXUSDT|mboxusdt|0.3115|0.3233|0.3061|0.3182|694236.9688184765|216405.27910446|4576|0.3168|1712.1086|0.3198|297.9146
GRTUSDT|grtusdt|0.170121|0.1766|0.16917|0.174034|15508738.26714446|2673086.514056528|56772|0.174034|277.8801|0.174098|721.7361
NEXTUSDT|nextusdt|0.3264|0.3444|0.3215|0.3406|3153846.092302034|1045644.21258268|16659|0.339|226.41|0.3421|43.0
BANANAUSDT|bananausdt|20.7016|22.7088|19.0233|20.9252|52218.214994204|1081764.49879618|13470|20.7926|7.695|21.0873|2.825
EPIKUSDT|epikusdt|0.01328|0.016319|0.01325|0.014144|7168656.655806348|97318.1154588862|2293|0.013946|2081.5065|0.014227|3378.8316
BBFUSDT|bbfusdt|0.1121|0.1142|0.1101|0.1124|3887677.2904713615|437135.3860720086|9708|0.1109|925.6077|0.114|233.0047
KRRXUSDT|krrxusdt|0.1214|0.134|0.121|0.126|646136.4314231563|79970.7352446|2106|0.125|1305.2422|0.1275|147.5996
TRXETH|trxeth|4.913e-05|4.929e-05|4.668e-05|4.72e-05|597530.0046233458|28.7822710302|2261|4.719e-05|5929.49|4.723e-05|2265.06
CVCUSDT|cvcusdt|0.0964|0.0981|0.0957|0.0968|15899717.32645094|1536348.121089|24739|0.0968|1701.53|0.0969|1958.86
BONEUSDT|boneusdt|0.616|0.718|0.6|0.6221|2112312.9656349486|1310265.76389504|29530|0.6185|63.0182|0.6258|220.5535
TRXUSDD|trxusdd|0.125654|0.126777|0.124283|0.125619|1215858.4438459657|152294.34514053|2069|0.125533|940.43|0.125886|481.67
TRXUSDC|trxusdc|0.12561|0.126246|0.123787|0.125589|1457295.52|182549.53222003|1806|0.125503|2243.35|0.125589|259.69
HFTUSDD|hftusdd|0.3346|0.3439|0.3328|0.341|102657.8647|34655.69222499|671|0.3401|296.8461|0.3419|39.3253
ZECUSDT|zecusdt|20.52|21.2|20.42|21.18|230889.700060138|4810788.67351874|34726|21.17|4.9053|21.2|96.8606
SAROSUSDT|sarosusdt|0.007741|0.0084|0.007373|0.008013|108609409.80254583|855179.2679696745|7475|0.007999|49770.0042|0.008101|5369.6776
WINUSDT|winusdt|0.00010093|0.00010254|9.965e-05|9.965e-05|2158056050.1227036|219374.4643130696|1784|9.954e-05|1000000.0|9.976e-05|490161.27
CUDOSUSDT|cudosusdt|0.014076|0.015658|0.014074|0.015545|3032889.0673|44286.16668336549|2705|0.015521|772.7478|0.015567|802.9807
MOVRUSDT|movrusdt|22.9721|23.5896|22.775|23.2529|9386.575854884108|216400.71978887|7851|23.215|34.5464|23.2898|9.7725
KMDUSDT|kmdusdt|0.2871|0.2946|0.2761|0.2812|2393610.108931081|681228.49638708|8414|0.2801|113.0952|0.2826|710.3429
TOXUSDT|toxusdt|0.180365|0.18113|0.1795|0.180003|15590522.381080344|2805640.840975762|22801|0.179634|152.978|0.180352|142.389
DBCUSDT|dbcusdt|0.001817|0.001945|0.001808|0.001882|86948139.55007344|162847.3946376515|3595|0.001868|27838.2757|0.001897|23841.2591
ARDRBTC|ardrbtc|1.76e-06|1.77e-06|1.76e-06|1.77e-06|7406.02|0.0130872715|8|1.74e-06|229.88|1.83e-06|607.61
VLXUSDT|vlxusdt|0.020288|0.021614|0.019503|0.020212|32295319.5599406|664470.4485771967|16471|0.020095|5463.5347|0.020338|9526.4001
ETHUSDC|ethusdc|2558.43|2688.42|2538.74|2659.29|2875.5390612940605|7499680.1632208|35532|2658.51|0.4703|2660.24|0.0575
ZEDUSDT|zedusdt|0.036332|0.037766|0.036322|0.037753|966938.23271933|35721.153243556|663|0.037394|1000.0|0.037755|1000.0
DOVIUSDT|doviusdt|0.3005|0.3477|0.2984|0.3238|1745867.6088013083|538308.73090001|11519|0.3201|37.5|0.3282|56.6288
ETHUSDD|ethusdd|2557.13|2684.88|2540.39|2660.94|266.12883124549955|691148.750959|2581|2660.6|0.0299|2664.51|0.0055
UTKUSDT|utkusdt|0.0794|0.0816|0.0791|0.0807|3446972.975536375|276808.274516|7607|0.0805|1238.24|0.0811|1578.23
HAOUSDT|haousdt|0.001996|0.002005|0.001981|0.001994|212501746.7627|424791.96542145|9430|0.001982|44312.8063|0.002008|6201.895
XECUSDT|xecusdt|3.356e-05|3.441e-05|3.318e-05|3.351e-05|39179763678.86172|1309974.3775142084|31729|3.35e-05|2375661.5|3.354e-05|602298.58
PCIUSDT|pciusdt|0.10919|0.11424|0.10916|0.11282|15100971.450962111|1682095.87241825|17696|0.11258|266.43|0.11307|18100.0
BLDUSDT|bldusdt|0.1527|0.1749|0.1506|0.162|1079522.295453631|171418.65864387|3788|0.1604|1241.5055|0.1645|868.8808
XCNUSDT|xcnusdt|0.001689|0.001738|0.001601|0.001637|1232545621.5427|2027879.3491176942|43210|0.001636|36149.4227|0.00164|23726.0
PEOPLEUSDT|peopleusdt|0.028657|0.029862|0.028346|0.029658|284078826.8718289|8260872.415866837|161316|0.029642|385.2979|0.029678|64573.991
EGLDUSDT|egldusdt|57.0304|61.0619|56.6312|60.0538|15752.032774204476|913795.34542051|22399|59.9863|4.1626|60.1241|22.5925
ORDSUSDT|ordsusdt|0.067136|0.079748|0.06695|0.075122|19772970.38385685|1436428.9450802228|24335|0.074933|651.2961|0.075298|1547.3101
DOGEBTC|dogebtc|1.6349e-06|1.6591e-06|1.6333e-06|1.6518e-06|187916.35769635407|0.310256546692|252|1.6493e-06|930.12|1.652e-06|2815.75
KICKSUSDT|kicksusdt|0.0005193|0.0005669|0.000504|0.0005364|257806718.86741257|134156.48212778184|4547|0.0005365|63511.0151|0.00054|20370.3704
AURORAUSDT|aurorausdt|0.2449|0.2552|0.2427|0.2477|11305.251906997268|2800.201492954623|122|0.2476|117.5548|0.2477|9.9255
HYPEUSDT|hypeusdt|2.64e-05|2.7e-05|2.48e-05|2.52e-05|2344203140.6587543|61571.603230004424|3012|2.52e-05|1374289.526|2.53e-05|2107384.5261
GHSTUSDT|ghstusdt|0.9858|1.0373|0.9593|0.9685|206878.86245891944|205788.95819404|7893|0.962|154.8009|0.9763|78.7032
USTCUSDT|ustcusdt|0.0257|0.0271|0.0257|0.0268|1793365.334399197|46482.87728231|415|0.0267|925.88|0.0268|43306.6815
SUSHIUSDT|sushiusdt|1.1414|1.1973|1.1382|1.1859|2343256.8627919992|2723704.66381468|56131|1.1855|85.5308|1.1864|100.5858
SXPUSDT|sxpusdt|0.3296|0.3367|0.3268|0.3307|465630.1372490807|153813.22146621|3412|0.3308|120.9192|0.331|258.1771
CAKEUSDT|cakeusdt|2.5129|2.6046|2.506|2.5954|91588.93892386755|234260.04925266|5046|2.5931|77.0067|2.5988|77.0067
NEARUSDT|nearusdt|3.2748|3.446|3.241|3.3496|1542530.5419605523|5096139.73130547|88065|3.3491|74.61|3.3502|19.77
TRX3SUSDT|trx3susdt|0.0|0.0|0.0|0.0|0.0|0.0|0|0.0|0.0|0.0|0.0
DUSKUSDT|duskusdt|0.3121|0.3288|0.3105|0.3288|15266257.761795571|4877003.19505572|52888|0.3289|2298.2782|0.329|33.6518
CLVUSDT|clvusdt|0.0512|0.0537|0.0512|0.0535|11556420.1055|604797.7037071|8776|0.0535|1690.8079|0.0537|8164.3628
COQUSDT|coqusdt|1.71e-06|2.19e-06|1.68e-06|1.96e-06|196752303319.1629|370299.5767444072|7176|1.95e-06|371585203.6|1.96e-06|38746979.04
NEARUSDD|nearusdd|3.2718|3.4467|3.2405|3.3485|61070.14|200281.847741|2169|3.3486|51.35|3.3645|12.68
SPELLUSDT|spellusdt|0.000575|0.000596|0.000571|0.000581|56542632.632319644|32694.9623584306|1186|0.00058|3453962.0|0.000582|157167.9533
DYPUSDT|dypusdt|0.0311|0.0312|0.0295|0.0306|3916371.6068|119425.93487571|3750|0.0304|4308.6207|0.0307|2215.4342
FORTHUSDT|forthusdt|3.243|3.3321|3.243|3.2725|1892.7669|6219.11034657|111|3.2888|60.7452|3.2968|30.2325
STETHETH|stetheth|0.9904|1.0048|0.9904|1.0048|0.6688|0.66452082|41|0.9907|1.0399|1.0046|0.3204
FETUSDT|fetusdt|0.6446|0.685|0.6399|0.668|2385007.903549296|1573283.02592994|46159|0.6679|74.5678|0.6701|75.4245
BENJIUSDT|benjiusdt|0.00436|0.0046|0.00428|0.004337|350904644.1119|1522447.4224192863|17680|0.004284|15084.7064|0.004401|5732.6595
GMXUSDT|gmxusdt|42.2828|45.3582|42.0453|42.7513|46705.39940375878|1998166.2019838|55791|42.7351|27.134|42.7661|2.3386
TUSDUSDT|tusdusdt|0.98128|0.98426|0.97501|0.97874|282774.5508|277280.007732967|969|0.97621|947.3893|0.98199|27.9925
POOHUSDT|poohusdt|4.64e-09|4.82e-09|4.53e-09|4.66e-09|236375448625610.1|1090998.1789661485|12037|4.7e-09|27289146957.43|4.72e-09|55101299369.74
ETHUSDT|ethusdt|2557.76|2685.39|2536.74|2660.81|13759.575949061842|35798207.47719556|40049|2660.72|0.012|2660.73|2.0904
XPRTUSDT|xprtusdt|0.4335|0.4338|0.4211|0.4259|87718.35831615925|37622.58560008|1725|0.4236|332.1698|0.4281|55.4104
PYUSDUSDT|pyusdusdt|0.9982|1.0379|0.991|0.9994|541635.367278175|541286.33895479|5564|0.9979|168.5483|1.0013|18.4878
ORCUSDT|orcusdt|0.0384|0.042|0.0376|0.042|715878.9307856115|28310.898390605682|986|0.0417|958.3906|0.042|4806.003514388489
PLUUSDT|pluusdt|4.7847|4.9251|4.7579|4.7946|7836.056|37712.62850086|1692|4.775|5.1174|4.811|4.9678
LITHUSDT|lithusdt|0.000853|0.00092|0.000849|0.000889|73947861.53533445|64912.8764506129|2332|0.000885|80042.8732|0.000896|158359.5501
XFIUSDT|xfiusdt|0.8345|0.85|0.8202|0.847|185453.47884614122|154538.13168777488|4896|0.8425|20.5466|0.85|1592.3384779529413
XNOUSDT|xnousdt|0.000155|0.000155|0.000144|0.000148|3082766035.4359713|461035.3263433098|3729|0.000147|107139.9753|0.000148|182362.6149
MCONTENTUSDT|mcontentusdt|1.148e-09|1.174e-09|1.145e-09|1.155e-09|549183960849437.44|635362.0676727258|13393|1.149e-09|28323860550.32|1.16e-09|49749022058.11
XRPBTC|xrpbtc|1.0581e-05|1.0764e-05|1.055e-05|1.0582e-05|148458.11003016343|1.58301835572|364|1.0581e-05|94.41|1.0593e-05|1464.27
DISUSDT|disusdt|0.0938|0.0939|0.0811|0.0915|662072.8329337473|59159.61874692|920|0.0903|814.1126|0.0919|3910.1222
UNBUSDT|unbusdt|0.000692|0.000695|0.000664|0.000667|43279522.57572857|29581.8367631097|1582|0.000657|105022.831|0.000678|97839.837
ZKFUSDT|zkfusdt|0.007833|0.009447|0.007805|0.008946|327681973.62444824|2707647.885404157|46472|0.008901|79155.0565|0.00899|6968.7116
SUNUSDT|sunusdt|0.007396|0.007446|0.007325|0.007418|141132098.9962884|1039342.62147385|11268|0.007409|53481.99|0.007421|6151.51
NSUREUSDT|nsureusdt|0.00763|0.00832|0.00703|0.00804|289365.2254|2254.475511852|63|0.00807|33458.67|0.00824|1492.5372
BTCUAH|btcuah|2208149.42|2208149.42|2208149.42|2208149.42|0.004|8812.5237866|6|2200000.0|3e-05|2288222.0|2e-05
PSGUSDT|psgusdt|3.3195|3.3907|3.2668|3.3771|9740.11120206805|32257.97859444|1671|3.3658|86.0131|3.3902|294.6925
ONITUSDT|onitusdt|0.0284|0.0287|0.0284|0.0285|2035425.2689|58112.13975804|83|0.0285|988.7411|0.0287|382.4353
FOTAUSDT|fotausdt|0.00021|0.00021|0.00014|0.00016|388894791.53865784|68279.637809927|1481|0.00016|2590364.45935|0.00017|10816837.331005882
SUNUSDD|sunusdd|0.007354|0.00744|0.007319|0.007427|55558088.22|408750.79185586|1500|0.007409|39468.58|0.007426|82700.0
GASUSDT|gasusdt|6.0235|6.1149|5.9745|6.0433|112261.03047200383|675977.45534438|7784|6.0363|16.5455|6.047|12.9768
NKNUSDT|nknusdt|0.112728|0.11735|0.112176|0.116725|2054051.7390866028|234445.09025768|11184|0.116555|1654.64|0.116655|1060.64
GNOUSDT|gnousdt|261.2079|286.5155|256.5625|280.9674|1533.3639729478214|411312.54825541|9253|278.3173|0.1028|283.3529|0.3684
BTCUSDT|btcusdt|49900.6|50359.99|49371.92|50028.82|1838.4483244051596|90829953.28954998|88366|50028.82|0.057406|50028.83|0.9666304582973457
OMGUSDT|omgusdt|0.6577|0.673|0.6567|0.6703|206981.11360411198|137003.06304368|2604|0.6697|631.3944|0.6702|169.6977
IMXUSDT|imxusdt|2.9294|3.1474|2.8972|2.9374|679705.3897381187|2017907.87203032|43242|2.9365|124.7756|2.9385|736.0518
W4J4X8Z9|w4j4x8z9|0.0|0.0|0.0|0.0|0.0|0.0|0|0.0|0.0|0.0|0.0
OPUSDT|opusdt|3.7825|3.9135|3.7051|3.7385|1864432.7763522456|7008418.311609437|160015|3.736|24.5603|3.7409|11.8747
E9F9X8Z9|e9f9x8z9|0.2376|0.2376|0.2376|0.2376|0.0|0.0|0|0.216|15.0|0.0|0.0
NAVXUSDT|navxusdt|0.173689|0.178112|0.153808|0.163931|58543515.76555949|9886756.575500377|45796|0.163001|236.1999|0.164964|1023.8343
ETHWUSDT|ethwusdt|2.7655|2.9132|2.7435|2.856|72660.70186648116|204993.3043134|4072|2.8507|487.1952|2.8598|328.1677
OPULUSDT|opulusdt|0.1023|0.103|0.0981|0.1005|12828.2791|1283.53705035|55|0.0987|197.2092|0.1005|156.7191
XCURUSDT|xcurusdt|0.0291|0.03252|0.02904|0.03226|2424934.098461988|74571.998449978|1686|0.03215|355.2242|0.03249|581.7348
FISUSDT|fisusdt|0.4267|0.43|0.4145|0.4267|12823.35|5374.748531|118|0.422|305.82|0.427|601.67
BTCUSDC|btcusdc|49908.14|55000.0|47261.59|50052.62|157.7786086575978|7853122.693603981|35499|50021.96|0.001|50079.95|0.003984
BTCUSDD|btcusdd|49853.38|50602.71|49391.17|50083.96|16.80268|831103.88273297|2812|50005.22|0.000867|50109.52|0.025
TURTUSDT|turtusdt|0.012973|0.014954|0.01293|0.013903|48641650.92800662|669506.3913742944|13500|0.013781|1859.8856|0.014004|1996.772
ELFETH|elfeth|0.00023882|0.00023969|0.00022654|0.00022795|41801.0|9.75405458|80|0.00022654|99.0|0.00022877|29.0
MAPUSDT|mapusdt|0.02686|0.02871|0.02681|0.02773|28762964.46001123|796103.4345153|13259|0.02772|576.41|0.02776|4635.83
APEUSDT|apeusdt|1.463|1.5065|1.4538|1.5045|1591078.8595303595|2346588.98786616|35017|1.5041|48.0223|1.5049|80.878
PONDUSDT|pondusdt|0.022916|0.023604|0.022718|0.023208|177991.04509089555|4089.8278428063|98|0.023257|5703.0379|0.023459|18311.6523
BALUSDT|balusdt|3.8411|3.9473|3.8142|3.9217|88201.87314715477|341636.952711|7540|3.9144|2.8|3.9292|51.02
EOSUSDD|eosusdd|0.7422|0.7609|0.7384|0.7511|201262.0899|149940.77658502|1847|0.7504|945.1415|0.7517|226.2609
IOTAUSDT|iotausdt|0.239|0.262|0.2386|0.253|6196064.596819726|1525085.3326025526|42914|0.2527|45.2011|0.2536|79.92
VOXELUSDT|voxelusdt|0.2315|0.2577|0.2258|0.2334|2511161.7601013677|580221.92261302|12011|0.2333|427.7602|0.2337|509.5974
MTLUSDT|mtlusdt|1.4945|1.5119|1.4767|1.4882|646807.3168531231|964916.07036753|21346|1.4876|9.0441|1.4886|952.5019
ALTUSDT|altusdt|0.3409|0.36|0.3382|0.3487|97895953.8151692|33956537.70643821|55152|0.348|2620.4306|0.3494|937.6711
FRONTUSDT|frontusdt|0.444987|0.472049|0.442178|0.454762|364487.8933449221|164756.0601598651|7836|0.45303|63.9122|0.457113|55.1488
EOSUSDT|eosusdt|0.7412|0.7591|0.7374|0.751|22798039.693571683|17012623.56128091|55006|0.7507|63.5045|0.7515|1956.664
RYOMAUSDT|ryomausdt|0.000999|0.000999|0.000961|0.000961|57833215.40787148|56114.5046860146|132|0.000947|51775.6151|0.000976|62620.7689
PYRUSDT|pyrusdt|6.3606|6.631|6.3047|6.5582|36946.95198863356|236708.43724704|11578|6.5406|22.893|6.5761|13.2607
MRSUSDT|mrsusdt|1.3107|1.3784|1.2645|1.3784|8709.245456412427|12434.62531775|298|1.3414|22.3596|1.4063|111.3716
KMDBTC|kmdbtc|5.77e-06|5.83e-06|5.61e-06|5.61e-06|145134.73343137256|0.8469899466|615|5.6e-06|80.0|5.7e-06|781.51
GMEEUSDT|gmeeusdt|0.024771|0.026106|0.023325|0.024687|21373281.627764966|516615.1598606378|28208|0.024517|2450.0|0.024858|1087.537
MXUSDT|mxusdt|2.761|2.8|2.7589|2.7937|412199.54482967744|1143202.656774097|22615|2.789|5.21|2.7979|53.13
FANCUSDT|fancusdt|0.01202|0.01238|0.01188|0.0121|1461107.0792574156|17566.73519548219|756|0.01201|118.092630693069|0.01218|1528.9645
SCRTUSDT|scrtusdt|0.403|0.5247|0.4005|0.4499|145364.83695796024|66079.80908437|2044|0.4471|26.9119|0.4515|61.9681
SPELLFIREUSDT|spellfireusdt|0.001023|0.001059|0.001|0.001008|61501025.75134879|62745.9946119331|3519|0.001|15991.6732|0.001016|96045.6631
AMUUSDT|amuusdt|0.02184|0.02358|0.02139|0.02216|110071081.74088956|2439430.71562788|29445|0.02184|3539.67|0.02244|4289.64
ARPAUSDT|arpausdt|0.056629|0.058903|0.056318|0.058351|3766015.48|215379.24720378|10516|0.058182|1713.73|0.05841|1436.29
LOOKSUSDT|looksusdt|0.0744|0.0777|0.0744|0.0767|10449577.665249482|789619.29924201|13424|0.0765|229.0726|0.0771|1368.8172
TLOSUSDT|tlosusdt|0.2094|0.219|0.2094|0.2178|1130559.936|240618.69021017|4172|0.2176|46.0|0.2184|65.8537
CELOUSDT|celousdt|0.7184|0.7486|0.7118|0.7359|2294627.3548673955|1673924.5010628|43027|0.7352|120.1515|0.737|28.5403
DASHUSDT|dashusdt|27.95|28.49|27.8|28.33|56028.147802187625|1570869.50365641|32796|28.32|2.0874|28.34|20.5585
XDCUSDT|xdcusdt|0.044252|0.045294|0.043654|0.044059|41414598.47689614|1848545.4125164023|17731|0.04406|11962.9155|0.044194|632.3827
TCNHUSDT|tcnhusdt|0.12|0.1205|0.12|0.12|348.6789991701245|41.895316|3|0.12|72964.7376|0.1204|605.5486
ACHBTC|achbtc|3.813e-07|3.89e-07|3.809e-07|3.878e-07|1173955.08|0.451178840022|209|3.863e-07|4139.01|3.883e-07|14238.6
TRBUSDT|trbusdt|120.0111|131.98|119.013|126.8879|2658.678665272394|330008.32279937|8065|126.682|1.2739|126.9629|0.7887
ACHUSDT|achusdt|0.018953|0.019499|0.018879|0.019431|16455592.683873447|313006.0051709507|13635|0.019411|4400.0|0.019431|72255.3156
PHAUSDT|phausdt|0.106796|0.110366|0.106335|0.109795|10750923.668329477|1155609.453975589|25616|0.10968|640.0|0.109899|498.386
ERNUSDT|ernusdt|2.2137|2.3083|2.1752|2.2344|13993.9474|31309.35776242|1640|2.2301|74.6582|2.2915|66.4647
PENDLEUSDT|pendleusdt|3.1808|3.298|3.1056|3.1587|2013459.4694464335|6371139.64915035|56484|3.1552|35.5047|3.1626|472.9096
NEXOUSDT|nexousdt|0.9893|1.0079|0.976|0.9808|489487.85|482611.769831|13692|0.977|63.55|0.9858|37.33
CUSDUSDT|cusdusdt|0.9973|0.9978|0.9958|0.9974|2685826.0925|2678432.68517849|57365|0.9971|200.0619|0.9978|117.0536
PSTAKEUSDT|pstakeusdt|0.0433|0.0463|0.0425|0.043|4288275.691232183|187679.81786123|7257|0.0429|819.6721|0.0432|898.101
GODSUSDT|godsusdt|0.269|0.269|0.2689|0.2689|3459.0324|887.87982187|12|0.2488|120.5784|0.2707|95.1302
BTCRUB|btcrub|4400000.0|4600000.0|4386414.35|4386414.35|0.02555|114902.8724979|15|4404291.59|0.00954|4888103.63|0.00086
ACEUSDT|aceusdt|9.2453|9.8878|9.1483|9.57|110844.24578472604|1039224.47781273|21700|9.5529|2.8195|9.5836|35.3717
NEWUSDT|newusdt|3.677e-05|3.964e-05|3.657e-05|3.758e-05|2806294716.505439|104748.5810774541|7177|3.723e-05|1016332.067|3.796e-05|1553698.7733
USDJUSDD|usdjusdd|1.0997|1.102|1.0958|1.0984|114256.8358|125470.42913377|2003|1.0976|31.773|1.0992|76.9666
ZILUSDT|zilusdt|0.021163|0.021662|0.021083|0.021576|78172245.61587606|1670022.9949755277|42745|0.021568|800.0|0.021594|42820.9686
CVPUSDT|cvpusdt|0.4442|0.4472|0.434|0.4381|501212.41026519396|220279.88569654|10518|0.4368|188.7011|0.4386|46.1764
GALAUSDT|galausdt|0.024138|0.025277|0.02399|0.024927|72533096.68643297|1766345.1837775062|15548|0.024915|2000.0|0.024939|47501.0135
NAKAUSDT|nakausdt|1.853|1.9|1.7799|1.8469|2789662.5628005257|4956531.71444289|31858|1.8399|71.2938|1.8543|120.8419
USDJUSDT|usdjusdt|1.0988|1.1023|1.0945|1.099|332617.4227|364893.08319923|14769|1.0986|70.0436|1.0987|2364.9
BBCUSDT|bbcusdt|0.000363|0.000387|0.000357|0.00037|2611148947.886386|972378.6554760066|8453|0.000368|220812.0085|0.000375|156753.2079
KLVUSDT|klvusdt|0.003482|0.003588|0.003478|0.003543|115634564.60011469|408227.7178988483|9062|0.003542|5646.5273|0.003546|18372.6248
AZEROUSDT|azerousdt|1.1266|1.258|1.1159|1.1796|49413.92998580623|58322.22976661521|2090|1.1774|370.8439|1.1819|0.0009
MKRUSDT|mkrusdt|2016.27|2118.88|2006.3|2110.29|1605.4800470783996|3297534.58529251|42135|2109.46|0.047384|2111.16|0.107165
ARUSDT|arusdt|8.787|9.5844|8.6957|9.2392|844892.0368566586|7610096.71335275|151016|9.2325|135.53|9.2449|77.67
FXUSDT|fxusdt|0.1456|0.148|0.1441|0.145|12244.691870579496|1789.2298015897152|90|0.1448|72.0635|0.147|432.68
TRIBEUSDT|tribeusdt|0.2209|0.222|0.204|0.2109|150773.95892821412|32346.0711585|1695|0.2084|331.094|0.213|61.7649
PRQUSDT|prqusdt|0.1744|0.1748|0.1705|0.1714|4056.2535|707.27617535|19|0.1695|158.624|0.1724|59.2244
KRIPTOUSDT|kriptousdt|0.000114|0.000125|0.00011|0.000112|1856032522.3880017|208679.8759692305|369|0.000112|463125.9965|0.000114|220466.2431
BCHUSDT|bchusdt|284.23|289.52|275.1|276.47|62935.00069938746|17574175.32442435|160510|276.32|0.58|276.53|3.03
CGPTUSDT|cgptusdt|0.21291|0.242|0.21249|0.23591|14889732.509150798|3236146.45175813|22267|0.23462|128.39|0.23699|303.75
ROUTEUSDT|routeusdt|4.1412|4.3675|3.9988|4.0966|35625.7011|148339.24333377|6088|4.0894|62.3123|4.1063|19.7227
XVGUSDT|xvgusdt|0.003383|0.003576|0.003364|0.003489|16681128.322008654|56903.6217957283|1643|0.003486|550711.3355|0.003493|8668.885
MAGEUSDT|mageusdt|0.002748|0.003072|0.002721|0.003072|318232.9941175513|899.8708543153|38|0.002902|10337.6977|0.002945|7993.6051
DAOUSDT|daousdt|0.9714|1.0258|0.9555|0.9865|356195.4845|346932.36852004|10080|0.9816|11.7978|0.9898|87.1453
SYSUSDT|sysusdt|0.1288|0.1342|0.1275|0.1296|273804.7895|35244.57574748|1671|0.1289|444.2522|0.1304|3883.7632
WELLUSDT|wellusdt|0.005737|0.006327|0.005734|0.006243|70542993.94123001|426012.4966718446|9502|0.006182|5315.3715|0.006303|3254.849
EURTUSDT|eurtusdt|1.0755|1.0811|1.07|1.075|928210.2718|998975.68429234|8870|1.0744|25.1654|1.0764|165.2981
MATICBTC|maticbtc|1.74064e-05|1.76779e-05|1.72713e-05|1.74407e-05|4171.15|0.072453711936|62|1.74402e-05|91.68|1.764e-05|1425.3
ZKBUSDT|zkbusdt|0.045677|0.046828|0.045581|0.046243|31787318.588583156|1470404.0274104343|18138|0.045952|1077.6857|0.046504|808.1571
RINGUSDT|ringusdt|0.003456|0.00377|0.003259|0.003742|18691196.12|66331.19327017|1876|0.003738|3825.85|0.003763|3280.55
CTXUSDT|ctxusdt|1.9042|2.1245|1.824|2.0516|16094.69338243985|30844.38067926|1678|1.9645|26.0207|2.1442|9.7485
MEVUSDT|mevusdt|0.005909|0.005985|0.005752|0.005923|11179523.1655|65702.3225666151|5218|0.005818|11859.7456|0.006003|16097.1202
RATSUSDT|ratsusdt|0.00023892|0.000268|0.00023739|0.00026265|6749254567.586933|1689504.0565991865|15634|0.00026227|75205.24|0.00026288|3500917.53
OGNUSDT|ognusdt|0.1627|0.1666|0.1616|0.1654|1971602.1263088058|322591.598127|8098|0.1653|1698.08|0.1655|4043.42
BRWLUSDT|brwlusdt|0.012618|0.014329|0.012559|0.012817|86062964.78197744|1098664.9637438573|41539|0.012817|1198.0812|0.012959|922.4185
PROMUSDT|promusdt|7.3996|7.5015|7.3372|7.4411|21257.05101890504|157300.6758727|3511|7.4267|13.4325|7.4576|31.1526
MBXUSDT|mbxusdt|0.692|0.7092|0.6899|0.7062|1516846.6050814793|1066439.9633669|29194|0.7043|133.5825|0.7082|160.2691
APTUSDT|aptusdt|9.1066|9.2899|8.9907|9.17|2081696.587520966|18900022.30034055|109376|9.1699|360.3634|9.17|234.2238
MICEUSDT|miceusdt|0.011748|0.0145|0.011428|0.012173|66360567.34311394|817844.5995609901|13929|0.012033|2493.1436|0.012303|6301.1608
WEUSDT|weusdt|0.6403|0.6561|0.56|0.5992|350812.93341914425|204305.97376808|6320|0.5992|9.691|0.6052|32.3603
SRTUSDT|srtusdt|2.77e-05|2.878e-05|2.74e-05|2.863e-05|17815787767.2824|502254.8127347605|28237|2.832e-05|1162374.8211|2.895e-05|13746099.5069
IDUSDT|idusdt|0.6135|0.6276|0.5748|0.5892|1268074.6663420978|768571.79324467|8808|0.5887|169.6372|0.59|490.7522
LOKAUSDT|lokausdt|0.2521|0.263|0.248|0.2556|1823172.466527527|459374.86474185|10398|0.255|904.3175|0.2567|1053.8034
METISUSDT|metisusdt|88.3561|93.0|87.8912|91.5563|539.2323998057244|48615.96785442|585|90.6291|1.0955|91.9177|1.0
VRUSDT|vrusdt|0.0532656|0.05679834|0.05154243|0.05269542|7649298.786728805|401305.19545043004|14586|0.05227129|3681.0491|0.05293494|477.9607
RAINUSDT|rainusdt|0.0012331|0.0013|0.0012263|0.0012884|851778953.4377961|1077887.046286614|22472|0.0012802|12397.7392|0.0012952|13518.9992
APTUSDD|aptusdd|9.1252|9.3115|8.955|9.1821|3334.8374|30218.84763487|693|9.1485|17.386|9.2012|136.3705
SSXUSDT|ssxusdt|0.014159|0.014426|0.01405|0.01405|37705482.8536|536304.4627378635|6732|0.01405|173502.154|0.014051|4540.7337
BEAMXUSDT|beamxusdt|0.029165|0.030201|0.027609|0.028352|27827513.459274024|788533.6670513712|13901|0.028164|5635.8999|0.02855|625.8642
ADABTC|adabtc|1.112e-05|1.131e-05|1.105e-05|1.111e-05|10659.08992844365|0.1192922756|91|1.11e-05|602.71|1.114e-05|339.06
IDEXUSDT|idexusdt|0.0539|0.0555|0.0533|0.0542|7539619.989201925|405439.72397793|7144|0.054|7313.1855|0.0541|1454.374
EULUSDT|eulusdt|4.6054|4.6221|4.3586|4.6049|35076.13772616078|155045.94840942|3565|4.6|871.31|4.611|3.25
LUNAUSDT|lunausdt|0.6615|0.6875|0.6562|0.6786|2612148.6483130543|1749842.50409044|47884|0.6782|314.6303|0.6785|60.5811
WICCUSDT|wiccusdt|0.003146|0.003297|0.003123|0.003278|13717690.8093|44019.3525014648|2389|0.003251|8186.5108|0.003296|10896.5222
LOVEUSDT|loveusdt|0.00068008|0.00079872|0.00065097|0.00069577|84018756.0650741|57472.0819912114|1608|0.00069045|99934.82|0.00071006|39023.29
PHBUSDT|phbusdt|0.9995|1.0768|0.9858|1.0353|983306.4169090918|1004624.69428607|22226|1.0349|942.6551|1.0358|96.5489
ONDOUSDT|ondousdt|0.233977|0.254966|0.23|0.250213|156482513.26019824|37306379.47288616|86578|0.249624|98.9932|0.250697|3974.0023
ELAUSDT|elausdt|3.2774|3.49|3.2763|3.3753|10362.710508888824|34732.499994|826|3.36|26.83|3.4209|5.09
RABUSDT|rabusdt|0.004031|0.004654|0.004014|0.004396|219249874.6054|938042.4054505355|33567|0.004337|4719.1917|0.00446|130589.0915
OASUSDT|oasusdt|0.117635|0.134002|0.115887|0.126226|10138.61|1261.95897796|46|0.12818|355.74|0.139547|484.38
PHCRUSDT|phcrusdt|8.84e-06|1.156e-05|8.82e-06|1.075e-05|2403212333.731008|23836.39532671042|1023|1.067e-05|1026972.806|1.074e-05|6998252.023
BLURUSDT|blurusdt|0.6288|0.65|0.6242|0.6393|13346928.201159673|8436832.70689976|76496|0.6391|282.7487|0.6398|23.7476
XPNTUSDT|xpntusdt|0.1289|0.1442|0.1285|0.1425|258413.0762|34616.99084932|1664|0.1377|501.0893|0.1477|142.35
RACAUSDT|racausdt|0.0001554|0.0001588|0.0001547|0.0001577|9795276735.026304|1530474.598672738|43360|0.0001569|545939.4097|0.0001586|89383.9701
UNQUSDT|unqusdt|0.009762|0.011993|0.008536|0.01096|5895580.390893606|61315.96470597043|2681|0.010884|1100.9174|0.010963|1086.6073
LSDUSDT|lsdusdt|8.2048|8.3554|8.1809|8.26|209770.60669081178|1733120.52941045|21716|8.2579|1.7667|8.2615|2.6501
SHRAPUSDT|shrapusdt|0.271709|0.295586|0.269098|0.293201|1903140.348562367|526457.3594620274|14453|0.291242|139.6895|0.294822|589.1178
OGVUSDT|ogvusdt|0.008549|0.009707|0.008531|0.009526|25330391.5202|231793.9296945272|5084|0.009514|137816.6172|0.00954|4470.1935
C1D1X6Z7|c1d1x6z7|1.755|1.755|1.755|1.755|0.0|0.0|0|0.0|0.0|7.0|1.0
USDPUSDT|usdpusdt|0.9862|0.9862|0.9862|0.9862|21.0063|20.71641306|1|0.9708|101.9777|1.0011|187.9393
REQUSDT|requsdt|0.1158|0.1208|0.1131|0.1141|623857.844148902|71971.25236723|2084|0.1137|879.5|0.1146|9246.5
COMUSDT|comusdt|1.8302|2.0665|1.8|1.8782|1328271.8790553508|2511858.615475|21842|1.8653|6.1232|1.8888|8.1182
LQTYUSDT|lqtyusdt|1.4404|1.4594|1.4276|1.4465|4279841.166472936|6147914.70355626|159054|1.4458|9.3946|1.4465|23.3747
XTMUSDT|xtmusdt|0.03985|0.040426|0.038772|0.039818|1280953.7299154901|50709.4184521197|2372|0.039347|7430.9181|0.040122|17761.4414
CTSIUSDT|ctsiusdt|0.2825|0.2887|0.2798|0.2845|332607.0431365288|94287.825076|3588|0.2839|238.85|0.2851|2411.35
AACUSDT|aacusdt|0.000103|0.000108|0.000101|0.000107|61376114.53674677|6430.21474841|510|0.000105|889705.12|0.000108|49234.74
PRISMAUSDT|prismausdt|0.7047|0.745|0.694|0.7064|4650332.085521108|3294959.2488275887|37649|0.7051|325.0696|0.7079|23.454
IPVUSDT|ipvusdt|5.7936|5.908|5.7919|5.8936|528003.4425|3094998.7496023434|31295|5.8938|2.37|5.8939|1.49
PUSHUSDT|pushusdt|0.2122|0.2194|0.2121|0.2129|271635.84001745126|58585.02985431|3126|0.2121|113.9819|0.214|345.3652
KLAYUSDT|klayusdt|0.2283|0.2347|0.2272|0.2312|2257239.562776787|516031.79169556|12114|0.231|1892.66|0.2312|401.9678
BADGERUSDT|badgerusdt|3.5337|3.6864|3.5168|3.6358|216387.26500234284|775765.76425531|22011|3.634|5.1775|3.6383|22.4421
ARKMUSDT|arkmusdt|0.6204|0.6295|0.6036|0.6174|1765564.5685163306|1080247.88757036|13148|0.6147|890.4085|0.6207|138.7104
FTIUSDT|ftiusdt|2.409e-05|2.421e-05|2.387e-05|2.41e-05|19229046870.92|462536.467068789|24325|2.396e-05|3256052.0|2.422e-05|1673099.53
MPLXUSDT|mplxusdt|0.2378|0.2901|0.2297|0.2403|1121545.5669239573|268979.29483228|6031|0.2371|50.6607|0.2435|284.7711
PROPYUSDT|propyusdt|0.4856|0.4921|0.4796|0.484|1685586.263515941|812717.58059751|13823|0.4834|619.5804|0.485|6.7279
RNDRUSDT|rndrusdt|4.6373|5.0834|4.5899|5.0285|47752.51358036791|227653.19993707|6213|5.0178|28.4549|5.0289|130.3668
STRXTRX|strxtrx|1.0392|1.0429|1.0242|1.0397|1124.0808|1161.46939544|20|1.0241|9.8134|1.0416|2421.1212
IOSTUSDT|iostusdt|0.008587|0.009001|0.008556|0.008687|233427851.17209136|2019970.3335706673|39591|0.008686|2128.1281|0.008689|100150.2253
YGGUSDT|yggusdt|0.4608|0.4775|0.4564|0.4697|8646914.165447624|4010149.1873215|109583|0.4696|48.7771|0.4699|164.7154
WWYUSDT|wwyusdt|0.008227|0.008308|0.007756|0.00791|96695170.7409|777383.951684054|3321|0.00784|21299.9699|0.007991|10166.44
STETHUSDT|stethusdt|2527.9|2699.98|2516.54|2636.1|12.9717|33671.093273|1683|2615.01|0.1329|2655.0|0.0066
NTUSDT|ntusdt|0.001233|0.001272|0.001193|0.001233|7599913.998242038|9528.740694202|798|0.001232|8928.5714|0.001251|13883.1569
ATOMUSDT|atomusdt|9.8451|10.0877|9.7721|10.0313|1478589.868330972|14629316.321760712|79217|10.0283|36.196|10.0345|15.496
CSPRUSDT|csprusdt|0.0338|0.0344|0.033|0.0341|9402567.265421188|319501.31711657|5078|0.0341|5280.9|0.0343|7655.9
RSRUSDT|rsrusdt|0.002435|0.002537|0.002435|0.0025|502955.6473841464|1238.76216362|51|0.0025|137599.36|0.002503|205417.15
HECUSDT|hecusdt|0.07637|0.0771|0.07072|0.07255|1352451.8660571428|100111.310870226|4980|0.07253|542.0006|0.07257|46.5447
H3H3X8Z9|h3h3x8z9|0.0066|0.0066|0.0066|0.0066|0.0|0.0|0|0.0|0.0|0.0|0.0
FCT2USDT|fct2usdt|0.054352|0.054909|0.054247|0.054325|650452.66|35422.51180298|211|0.054403|690.88|0.054778|1164.6
GTUSDT|gtusdt|4.718|4.7345|4.522|4.6951|11461.31|53489.564931|3004|4.6774|4.2|4.7184|4.68
SMILEYUSDT|smileyusdt|3.79e-12|6.42e-12|3.76e-12|5.67e-12|5.4084650865288e+16|256921.75195034352|6443|5.66e-12|10257308495908.197|5.91e-12|39055082987238.3
DAIUSDT|daiusdt|0.996|1.001|0.9958|0.999|3627635.889454534|3616229.75426552|24381|0.9987|366.33|0.9994|269.78
SOLBTC|solbtc|0.00217631|0.00229337|0.00217565|0.00227917|438.51608122181034|0.9702264712|437|0.00227921|3.85|0.00228405|0.18
YFIIUSDT|yfiiusdt|940.5301|1004.6666|934.267|957.4492|2679.697205189019|2571026.8231495|37103|955.478|0.209|959.1068|0.0115
BTTUSDC|bttusdc|9.935e-07|1.0186e-06|9.784e-07|9.863e-07|269125782192.3221|266495.84921610676|6286|9.808e-07|119063877.323|9.885e-07|79209821.4143
CRVUSDT|crvusdt|0.5053|0.5359|0.503|0.5161|11727879.42520422|6038765.66123145|54448|0.5162|46.5026|0.5163|30.39
PYTHUSDT|pythusdt|0.553907|0.610971|0.550459|0.598545|12790089.664119441|7288779.849907921|86361|0.597649|919.4339|0.599444|919.4342
FORUSDT|forusdt|0.021646|0.02207|0.021615|0.022044|1360566.532531901|29647.09630243|1624|0.02194|2810.37|0.022145|1100.0
SWFTCUSDT|swftcusdt|0.0028908|0.0030309|0.0027891|0.0028706|546314262.4833311|1570677.5799509168|45186|0.0028488|28849.843|0.0028941|4179.518
SUKUUSDT|sukuusdt|0.0543|0.0571|0.0543|0.0561|161507.4931|8953.59327464|526|0.0559|577.9143|0.0566|205.1321
CTCUSDT|ctcusdt|0.559|0.5662|0.5465|0.5497|16596595.258256797|9174000.60413408|47662|0.5494|120.836|0.5501|27.599
BSVUSDT|bsvusdt|81.3724|83.9609|80.6906|81.9164|257374.32246403125|20924356.21493915|162006|81.863|1.623|81.9626|1.2206
NANOUSDT|nanousdt|1.1701|1.199|1.1601|1.1854|570394.344261318|668781.88298177|14314|1.1722|49.2905|1.1852|41.4188
1INCHUSDT|1inchusdt|0.430204|0.440846|0.427752|0.436453|11113814.138596317|4800975.28846033|82893|0.436257|527.5594|0.436649|44.5476
1CATUSDT|1catusdt|0.004287|0.00493|0.004217|0.004726|1276061083.2352216|5753855.028565623|57399|0.004715|32013.4793|0.004743|22639.9697
GTAIUSDT|gtaiusdt|1.9162|2.0|1.8983|1.9434|6872830.028466307|13282494.678075215|67672|1.938|10.3199|1.9492|70.6056
YFIUSDT|yfiusdt|7449.03|7807.78|7417.45|7670.04|133.10874365213567|1006033.71177788|17383|7667.61|0.004425|7672.76|0.02808
BCHBTC|bchbtc|0.005674|0.00581|0.00551|0.005517|110.609|0.6327860658|240|0.005518|0.2813|0.00553|2.0
MULTIUSDT|multiusdt|0.6774|0.829|0.6588|0.6995|655363.3380685948|451700.56444984954|9874|0.6942|61.2693|0.7056|19.6575
SFUNDUSDT|sfundusdt|3.4273|3.6272|3.3933|3.6019|466227.8456144358|1632986.16721141|20638|3.6001|42.1269|3.6157|7.8696
FUSEUSDT|fuseusdt|0.06183|0.06386|0.06179|0.06335|10043166.466453364|627151.807851186|5516|0.06314|3299.8169|0.06337|1795.6981
TOKEUSDT|tokeusdt|0.7268|0.8029|0.7248|0.7858|41972.5154|31755.35996611|1629|0.7671|89.9491|0.8041|26.0038
FIOUSDT|fiousdt|0.033658|0.03381|0.033308|0.033602|4738109.823172643|158969.4994288019|3562|0.033508|453.9885|0.033708|2977.3506
JASMYUSDT|jasmyusdt|0.005773|0.005978|0.005704|0.005965|105051524.13542652|613091.4456292759|13552|0.00596|115041.7026|0.00597|115041.7026
USDTBRL|usdtbrl|5.007|5.05|5.0|5.042|3028.2253687452867|15208.14250293|79|5.003|58.0|5.042|37.31792939309798
DOSEUSDT|doseusdt|0.004173|0.0045|0.004151|0.004186|718883520.5733048|3027501.201794322|57849|0.004159|14820.6381|0.004215|12358.9271
CHZUSDT|chzusdt|0.100312|0.102398|0.099705|0.101176|20038493.694214094|2022619.6734018996|43493|0.101137|805.7204|0.101215|403.901
UTUSDT|utusdt|0.0045|0.0046|0.0045|0.0045|2641053.1736|11944.07606626|2069|0.0045|345892.9695|0.0046|123995.6879
ARTYUSDT|artyusdt|1.1962|1.4064|1.1637|1.335|599816.1950006702|742512.51005326|14884|1.3258|18.4202|1.3454|75.104
LAMBBTC|lambbtc|3.31e-08|3.42e-08|3.2e-08|3.42e-08|39375843.940467834|1.286253026266|395|3.43e-08|19282.59|3.53e-08|22421.51
DEPUSDT|depusdt|0.003148|0.003167|0.003111|0.003141|327574516.4899|1030323.39157838|29260|0.003119|9653.2434|0.003169|7709.0271
ENJUSDT|enjusdt|0.305|0.3176|0.3035|0.313|6139665.073890848|1897991.36016571|54016|0.3128|128.3824|0.3129|127.8364
GFUSDT|gfusdt|0.19|0.2183|0.1888|0.2|2338748.1308|453332.89196282|21913|0.1982|332.2391|0.2023|178.504
MYROUSDT|myrousdt|0.058731|0.070862|0.057944|0.069131|31856603.30904616|2006093.8158806688|39309|0.069|516.2642|0.069251|413.7057
ORDIUSDT|ordiusdt|64.5462|72.3076|63.5593|70.2606|76861.45701557517|5242049.91133033|85574|70.1849|10.8393|70.3415|30.2678
BULLUSDT|bullusdt|0.004148|0.004365|0.004057|0.004263|12100491.11|50210.0823511|3192|0.004257|4653.19|0.0043|2558.14
RPKUSDT|rpkusdt|0.020658|0.02142|0.020622|0.02122|54501571.19285699|1140062.5449390307|22484|0.021172|1371.8375|0.02128|654.5322
CRUUSDT|cruusdt|1.8982|2.0666|1.8503|1.8902|27716.5791101377|53636.43959387|907|1.8902|124.6239|1.9126|108.2734
ZELIXUSDT|zelixusdt|0.0004352|0.0004808|0.0004349|0.0004566|1666204479.6041|765638.7457633453|13080|0.0004524|40030.5836|0.000462|40252.4434
WANETH|waneth|8.71e-05|8.77e-05|8.48e-05|8.64e-05|705525.1160945285|60.98336230339945|3927|8.63e-05|331.483|8.66e-05|110.1743
BONKUSDT|bonkusdt|1.26312e-05|1.35366e-05|1.24512e-05|1.29272e-05|180273309872.18268|2313060.393249759|44567|1.29205e-05|95281345.32|1.293e-05|8122933.43
ANVUSDT|anvusdt|0.00079|0.0008|0.00075|0.00078|50270466.47273092|39148.590505768|728|0.00078|190450.0048|0.00079|37009.5926
ARKNUSDT|arknusdt|0.000588|0.000629|0.000577|0.000582|1836169143.5497046|1116155.423572408|15032|0.000578|150000.0|0.000589|243712.8357
XEMUSDT|xemusdt|0.0355|0.0368|0.0353|0.0366|1141428.7904195446|40541.59279361|1315|0.0366|535.557|0.0367|8846.1063
CRPTUSDT|crptusdt|0.0501|0.0506|0.0456|0.0464|4825566.4620739035|230016.59779093|9698|0.0461|563.8347|0.0468|1408.665
STORJUSDT|storjusdt|0.6424|0.6819|0.6357|0.6764|3161278.837196539|2073627.5975461|42547|0.6752|147.5921|0.6779|54.0129
TUSDT|tusdt|0.0268|0.0274|0.0267|0.0269|7916296.454607408|212992.94712908|4735|0.0268|46651.8375|0.0269|33651.1497
WHALEUSDT|whaleusdt|0.7471|0.7735|0.7459|0.7724|68306.38914738093|51706.15528797416|1717|0.7692|38.8393|0.7748|13.4331
Q1W2X8Z9|q1w2x8z9|0.0|0.0|0.0|0.0|0.0|0.0|0|0.0|0.0|0.0|0.0
XENUSDT|xenusdt|3.69e-07|3.87e-07|3.62e-07|3.66e-07|6044596184390.397|2245846.5432278877|12253|3.66e-07|89662001.59|3.67e-07|3094807.81
AIDOGEUSDT|aidogeusdt|1.6207e-10|1.675e-10|1.6036e-10|1.6709e-10|1.4846842530848216e+16|2434766.982824798|17399|1.6661e-10|178194820914.76|1.675e-10|1725415015449.53
CAPOUSDT|capousdt|0.000419|0.000445|0.000403|0.000423|1088727381.0831437|455563.6981658796|9620|0.000421|82901.1935|0.000427|25912.8386
ERTHAUSDT|erthausdt|0.001385|0.001447|0.00134|0.001376|30776646.403365172|42394.05743627|1771|0.00137|32894.73|0.001386|7561.0
COTIUSDT|cotiusdt|0.0852|0.0912|0.0797|0.0864|7563987.635154646|629021.18449415|14125|0.086|239.12|0.0874|5213.19
FLZUSDT|flzusdt|2.2761|2.3175|2.27|2.283|265127.38280756766|606085.13171106|5624|2.2728|8.7999|2.297|25.2087
NGLUSDT|nglusdt|0.09428|0.09704|0.09327|0.09406|628014.8501|59743.480794742|3924|0.09402|316.8887|0.09702|731.4381
FLOWUSDT|flowusdt|0.8357|0.894|0.8296|0.8734|14323957.246744704|12183994.94221454|154607|0.8724|130.7966|0.8742|343.3899
MOVEZUSDT|movezusdt|0.000741|0.000758|0.000737|0.000754|94899554.9112|70973.8265123019|2591|0.00075|132978.5903|0.000758|36894.3111
NEOUSDT|neousdt|11.93|12.21|11.85|12.01|27534.415770242285|329923.84602634|2675|12.0|101.4695|12.01|3.3451
LOVELYUSDT|lovelyusdt|8e-08|8.39e-08|8e-08|8.05e-08|21920178525128.48|1777943.29887402|25039|8.03e-08|3200498.14|8.07e-08|1257389845.17
TRXTUSD|trxtusd|0.126989|0.127854|0.126989|0.127854|8077.11|1030.89500099|22|0.124101|9968.89|0.129668|1493.41
LBLUSDT|lblusdt|0.004417|0.00468|0.004211|0.004276|118642594.77871309|510900.3399587669|28276|0.004178|6893.2503|0.004373|4738.4577
SANDUSDT|sandusdt|0.472946|0.48524|0.471099|0.479047|6799125.029373112|3233494.782796146|55914|0.478935|197.41|0.479172|1148.1377
MOOVUSDT|moovusdt|0.003153|0.003323|0.003137|0.003169|90305491.51065132|286180.743459491|3134|0.003154|6398.673|0.003181|40.8107
FLZUSDC|flzusdc|2.2816|2.3054|2.184|2.2833|230066.952|526310.46355545|5862|2.184|8.6996|2.4125|12.969
C98USDT|c98usdt|0.2445|0.31|0.2415|0.2909|1478836.3432098771|375313.2567187|5015|0.2864|346.3107|0.2888|345.7514
KAVAUSDT|kavausdt|0.7199|0.7354|0.7164|0.7346|304009.07512896083|219930.18050419|10648|0.7338|245.24|0.7353|100.42
RLCUSDT|rlcusdt|2.2312|2.3252|2.2152|2.2629|197167.4806478356|444604.8932935|9702|2.2621|44.17|2.2682|44.1701
XPETUSDT|xpetusdt|0.8276|0.893|0.8225|0.8638|1204943.5929845746|1023142.040321|17932|0.8577|99.1332|0.8713|32.2205
NULSUSDT|nulsusdt|0.2283|0.251|0.2276|0.2455|1272261.1327889315|293109.54136475|8703|0.2442|407.87|0.2467|213.58668423186057
DAVUSDT|davusdt|0.000555|0.000578|0.000476|0.000492|1138587750.1526248|604567.81475827|7021|0.000486|141975.3086|0.0005|112356.5849
MASKUSDT|maskusdt|3.597|3.733|3.5806|3.6681|4868043.733475876|17712781.94025425|156906|3.6672|3.1198|3.6696|171.8088
BWOUSDT|bwousdt|0.0298|0.0313|0.0288|0.0304|7660562.468126153|232434.82440303|3180|0.0296|2331.081|0.0312|1397.3303
ORBUSDT|orbusdt|0.033431|0.0375|0.032064|0.033455|15313258.976405911|509201.4122553473|27995|0.032937|1319.5211|0.033966|3878.7553
TLMUSDT|tlmusdt|0.013765|0.015549|0.013751|0.014823|8858440.219873657|129409.8880795451|1948|0.01477|59308.0725|0.014882|14721.315
GNSUSDT|gnsusdt|5.4806|5.6406|5.4806|5.6402|108.51827692017147|598.64352515|16|5.5343|23.1413|5.6174|3.627
VRTXUSDT|vrtxusdt|0.2336|0.25|0.2164|0.2433|4869215.2144|1133825.49321761|13409|0.2405|47.9589|0.2458|52.0225
ZRXUSDT|zrxusdt|0.3215|0.3309|0.3199|0.3294|4954075.98|1606135.636255|40776|0.3291|3868.53|0.3298|4526.31
VINUUSDT|vinuusdt|1.1791e-08|1.2498e-08|1.1486e-08|1.2003e-08|235595671121.42972|2739.974892418401|87|1.2003e-08|45175243.0|1.2133e-08|2473542628.0
NUMUSDT|numusdt|0.0517|0.052|0.0442|0.0483|12345709.306084402|598982.26077687|13389|0.0481|318.6436|0.0488|1046.9764
EVERUSDT|everusdt|0.055423|0.0562|0.05307|0.053899|20776.4838|1131.7532129892|39|0.05252|304.3667|0.053697|1119.3618
NPTUSDT|nptusdt|0.4441|0.4458|0.4337|0.4395|196464.6525894094|86573.31582133|1569|0.4384|158.1701|0.4406|107.2037
WLKNUSDT|wlknusdt|0.005235|0.005484|0.0051|0.005158|189219686.77268124|1003124.2428867373|23045|0.005133|10330.0|0.005187|20000.0
BXENUSDT|bxenusdt|1.441e-09|1.557e-09|1.433e-09|1.493e-09|1959878498095.9346|2884.456929210807|132|1.493e-09|4034152468.57|1.499e-09|37687098050.55
RUNEUSDT|runeusdt|5.3269|5.4907|5.2769|5.383|1153734.768388423|6165670.322977|56917|5.3749|235.4112|5.3901|102.185
LVNUSDT|lvnusdt|0.18529|0.19163|0.18528|0.19162|9147808.651994906|1713146.989034242|22025|0.1916|359.0|0.19166|130.4394
MESAUSDT|mesausdt|0.000134|0.000142|0.000131|0.00014|562626327.2962474|76821.0486187942|7336|0.000139|732142.8571|0.000142|14801.7812
ACAUSDT|acausdt|0.1182|0.1233|0.1164|0.1194|8094436.802965508|963577.0068518|25845|0.1193|98.477|0.1195|907.3896
CCROWDUSDT|ccrowdusdt|0.013005|0.014812|0.013|0.014102|98265.5971|1410.4826212219|37|0.013647|1777.229|0.013921|3507.4499
ZETAUSDT|zetausdt|1.9953|2.5187|1.9279|2.3472|7613354.749175752|15587647.29233381|40041|2.3403|642.5|2.3538|7.62
INJUSDT|injusdt|35.3699|37.2666|35.1855|36.8719|3293.843814019894|116049.9425124|541|36.6476|13.8495|36.9754|62.9701
BOXBTC|boxbtc|3.897e-09|3.925e-09|3.693e-09|3.762e-09|5174167.77|0.02003469214225|37|3.759e-09|106411.27|3.858e-09|31550.02
SUNETH|suneth|2.891e-06|2.893e-06|2.737e-06|2.789e-06|10167538.1|28.74520417173|2927|2.79e-06|7359.78|2.794e-06|14997.95
LINAUSDT|linausdt|0.00792|0.008271|0.007917|0.00818|63890302.37072936|509782.1465621338|28003|0.00817|12230.4913|0.008188|9936.516
BTSUSDT|btsusdt|0.003534|0.003786|0.0035|0.003618|8617294.83|30877.18728444|1625|0.003608|4180.13|0.003623|11034.74
STRMUSDT|strmusdt|0.00257|0.00261|0.00242|0.00252|118039177.33600377|301023.62756025576|6666|0.0025|58497.078|0.00254|34710.16
A8S83SD8F8|a8s83sd8f8|12.3|12.3|12.3|12.3|0.0|0.0|0|0.0|0.0|0.0|0.0
SDNUSDT|sdnusdt|0.4261|0.4476|0.4201|0.4246|77565.9446580528|33232.85812832|1664|0.4199|68.68|0.4289|162.38
MONGUSDT|mongusdt|1.1935e-08|1.3524e-08|1.1732e-08|1.2753e-08|93298084665318.22|1156193.355079059|13509|1.2683e-08|2150430863.24|1.2812e-08|7947801361.46
EUROCUSDT|eurocusdt|1.0916|1.095|1.068|1.0767|643004.054|699896.68201173|8484|1.0742|95.773|1.0798|26.2065
XLMUSDT|xlmusdt|0.111694|0.11438|0.111292|0.113234|96797682.89736177|10854308.777362386|153910|0.113234|446.0232|0.11329|2478.4171
WHALESUSDT|whalesusdt|3.3093|3.3332|2.68|2.9051|888634.8885574169|2612640.78836864|22633|2.8602|40.2378|2.9602|8.7263
ADXUSDT|adxusdt|0.1892|0.1939|0.1876|0.1883|1423457.74056743|268376.59003575|4249|0.1882|1051.8165|0.1886|904.3147
RPLUSDT|rplusdt|28.5008|29.8623|28.3685|29.4254|5001.256|145124.36117913|5668|29.1922|3.3913|29.6201|2.2198
WLDUSDT|wldusdt|2.612|2.777|2.577|2.745|1825561.39334053|4785570.18189728|40607|2.743|36.3994|2.747|9.211
OSMOUSDT|osmousdt|1.6408|1.6988|1.6325|1.6543|261437.25588611345|430272.16275308|8701|1.6466|99.1364|1.6592|60.4374
INSURUSDT|insurusdt|0.0476|0.0511|0.0463|0.0486|861610.9454181434|41130.35069427|1727|0.048|1437.5|0.0493|4709.8099
XTZUSDT|xtzusdt|1.0387|1.0583|1.0355|1.0563|2975441.9652418206|3101850.01835923|79780|1.0562|93.757|1.057|94.617
UOSUSDT|uosusdt|0.1794|0.1902|0.1746|0.1801|199080.07138864603|35531.59758627334|1688|0.1799|183.4632|0.1804|109.5432
CEEKUSDT|ceekusdt|0.0511|0.0539|0.0506|0.0524|181106.78543010773|9271.37542949|118|0.0509|1314.5471|0.0516|2015.3685
DKSUSDT|dksusdt|0.0003012|0.0003049|0.0002912|0.0003035|129387425.99271324|39378.947309220996|2172|0.0003032|50674.703166|0.0003045|79734.22
USDCUSDT|usdcusdt|0.9997|1.0|0.9991|0.9998|3237092.4069930105|3235996.643146082|13042|0.9998|4381.2312|0.9999|3932.8701
TRACUSDT|tracusdt|0.7291|0.7747|0.7233|0.7495|807927.9414751931|602158.15238724|13407|0.7438|92.7668|0.7564|34.3841
HSFUSDT|hsfusdt|0.3134|0.3195|0.3126|0.3149|136295.969|42839.35353336|3113|0.3144|118.0485|0.315|36.9001
RANKERUSDT|rankerusdt|0.001991|0.00206|0.001982|0.002021|33296908.3961|67030.8445359803|2359|0.002011|5572.0031|0.002024|5634.2522
DKAUSDT|dkausdt|0.031613|0.032965|0.029963|0.03132|1037764.9468207252|32079.9301461|1706|0.031712|352.39|0.031713|473.0
MTBTC|mtbtc|2.688e-09|2.688e-09|2.688e-09|2.688e-09|0.0|0.0|0|1.009e-09|396432.11|2.685e-09|555940.31
ONTUSDT|ontusdt|0.2381|0.2429|0.2372|0.2421|5015111.039742323|1200329.9113462|13101|0.2418|82.6448|0.2421|413.1665
XRPUSDD|xrpusdd|0.52726|0.5386|0.52433|0.52982|781233.0315555764|412502.6781679|2402|0.52909|2361.38|0.53004|720.94
KANUSDT|kanusdt|0.001022|0.001062|0.001019|0.001057|216106370.2593894|223276.6643306693|8745|0.001056|86850.9409|0.001061|20661.3834
WIFUSDT|wifusdt|0.3138|0.406|0.3056|0.39|14772797.00962072|5184607.39130631|46207|0.3898|1938.9239|0.3903|207.8684
WXTUSDT|wxtusdt|0.00489|0.004911|0.004869|0.004878|224600033.01|1096813.70979787|22773|0.004872|10985.75|0.004885|9472.49
USDDUSDC|usddusdc|1.00165|1.00539|0.99634|0.99926|624852.1793940442|624831.582276241|3319|0.99792|117.2422|0.99948|60.3511
SWFTCBTC|swftcbtc|5.819e-08|6.067e-08|5.598e-08|5.732e-08|13807376.538683433|0.7953486152568|768|5.689e-08|7692.77|5.786e-08|12667.32
LENAUSDT|lenausdt|0.001|0.001064|0.0009|0.001001|7215149.694004096|7065.9442053843|158|0.000923|74756.2296|0.001|79328.3761
SPRTUSDT|sprtusdt|0.000405|0.000446|0.00039|0.00041|192374386.89689806|80281.6448330517|479|0.000414|24390.6591|0.000416|166499.9999
STARLYUSDT|starlyusdt|0.005354|0.005359|0.00515|0.005167|123625099.6845|650276.3440246984|15547|0.00516|4673.9119|0.00517|226.9558
PUNDIXUSDT|pundixusdt|0.4198|0.4286|0.4187|0.4242|1041810.9089|440060.5186538|9822|0.4229|69.1894|0.4246|552.5286
TROLLUSDT|trollusdt|2.545e-08|3.05e-08|2.305e-08|2.747e-08|519860609331445.9|14158071.452203093|103019|2.743e-08|15987223814.08|2.753e-08|763914150.59
SNCBTC|sncbtc|7.109e-07|7.139e-07|7.031e-07|7.032e-07|5517337.9|3.885207967935|241|7.049e-07|217.7|7.079e-07|1693.88
ALT0USDT|alt0usdt|0.2537|0.2608|0.2425|0.2533|12223361.661733374|3096009.42237479|29483|0.2528|3.871|0.2552|100.0415
WSTUSDTUSDT|wstusdtusdt|1.025211|1.027|1.022268|1.024174|1373544.1954|1407063.4482202502|35046|1.020929|27.122|1.027|10839.4375
JUMBOUSDT|jumbousdt|0.0702|0.0748|0.0699|0.0707|5614507.805729333|399456.41199596814|1016|0.0702|80.2573|0.0713|737.8258
GQUSDT|gqusdt|0.001833|0.001869|0.001761|0.001778|921971819.2373368|1679898.5960375993|16162|0.001772|12031.0653|0.001787|6703.6063
VOLTUSDT|voltusdt|3.775e-07|3.849e-07|3.302e-07|3.676e-07|7415724578.641978|2750.199835873455|92|3.568e-07|84080717.44|3.678e-07|135139725.37
BTTUSDD|bttusdd|9.934e-07|1.0144e-06|9.78e-07|9.865e-07|278179452167.4611|274760.47391312587|2347|9.849e-07|846286777.2851|9.872e-07|79.3386
LAMBUSDT|lambusdt|0.00167|0.00173|0.001613|0.001722|7733503.785442963|12700.4227773065|239|0.00172|259117.7724|0.001744|8358.7612
XRPUSDT|xrpusdt|0.52772|0.5378|0.52458|0.52949|42338575.18565436|22380612.566565514|84338|0.52934|619.1|0.52957|1322.2
HOTCROSSUSDT|hotcrossusdt|0.00417|0.00473|0.00416|0.00464|7384522.404490995|31598.46624256082|1539|0.00457|6599.9262|0.00472|6172.8395
COLUSDT|colusdt|0.5992|0.6037|0.5887|0.6004|175723.6998|104244.4375963|2962|0.5642|39.9075|0.601|40.6279
BTTUSDT|bttusdt|9.916e-07|1.0075e-06|9.765e-07|9.859e-07|3565171213506.25|3522770.4719448094|45526|9.854e-07|304685561.0|9.868e-07|79209821.4143
VETUSDT|vetusdt|0.031093|0.032026|0.03|0.031985|9870971.871643228|308019.3255278384|11573|0.031972|1700.0|0.032004|47823.2368
GMTUSDT|gmtusdt|0.2539|0.2675|0.2521|0.2611|4692836.638851244|1204437.51735802|24147|0.261|193.7982|0.2612|193.7982
BOBUSDT|bobusdt|2.076e-05|2.2e-05|2.039e-05|2.102e-05|52403615022.98756|1100788.450942786|12189|2.101e-05|7300019.48|2.106e-05|822129.63
OCEANUSDT|oceanusdt|0.4848|0.4989|0.4792|0.4983|6310523.23757975|3057749.90388036|36492|0.4982|72.5715|0.4987|551.8686
DGBBTC|dgbbtc|1.545e-07|1.545e-07|1.545e-07|1.545e-07|7805.348778625954|0.001264478001|6|1.544e-07|2590.67|1.667e-07|802.08
PROPYBTC|propybtc|9.7e-06|9.88e-06|9.53e-06|9.65e-06|103930.88|1.0151078717|1060|9.64e-06|228.29|9.7e-06|309.02
GALUSDT|galusdt|2.358|2.6172|2.331|2.3813|230392.73784411163|545453.41241691|14361|2.3702|11.649|2.3895|97.9199
ELONUSDT|elonusdt|1.54e-07|1.64e-07|1.5e-07|1.59e-07|825531716557.0|128968.90800743805|4374|1.59e-07|1257861635.22|1.6e-07|1007856399.81
BTCTUSD|btctusd|49881.38|49881.38|49881.38|49881.38|0.014898|743.13279924|1|50191.05|0.025|51548.12|0.000999
NBSUSDT|nbsusdt|0.00015|0.000162|0.00015|0.000154|434822365.14725894|65002.77725576|2794|0.000152|122237.54|0.000156|368627.72
GFTUSDT|gftusdt|0.0187|0.0192|0.0187|0.019|3743675.057508466|71126.6725086|1970|0.019|3067.6495|0.0191|10548.6293
JOEUSDT|joeusdt|0.5156|0.5338|0.5128|0.5213|1492359.983277193|770541.65155162|19228|0.5208|2450.2297|0.5219|3202.0541
ASTRUSDT|astrusdt|0.188378|0.19521|0.186209|0.187012|1232973.8361613129|232712.01082712|7855|0.186886|112.41|0.187008|796.01
QRDOUSDT|qrdousdt|0.0343|0.0382|0.0317|0.0321|325253.2187876958|11592.63863226|143|0.0313|2935.2328|0.0329|722.973
XAUTUSDT|xautusdt|2016.39|2016.71|2001.0|2011.08|3083.5491613721383|6204459.60750153|28716|2009.13|0.164667|2013.42|0.332535
USDDUSDT|usddusdt|1.0007|1.00072|0.99864|0.99962|948653.0424105518|948416.0187241514|8765|0.99959|5.5359|0.99969|34.8868
WAXPUSDT|waxpusdt|0.057734|0.059|0.057552|0.058397|160902.30460951454|9311.3209643|271|0.058255|228.31|0.058347|20609.7
Y1Y2X8Z9|y1y2x8z9|1.0|1.0|1.0|1.0|0.0|0.0|0|0.0|0.0|0.0|0.0
JSTETH|jsteth|1.236e-05|1.236e-05|1.171e-05|1.174e-05|1694866.45|20.5633673505|1249|1.17e-05|5907.86|1.176e-05|671.94
FXSUSDT|fxsusdt|9.0497|9.2559|8.9701|9.1237|518111.8817696731|4701340.89543846|80617|9.1063|174.0812|9.1382|49.2671
EOSBTC|eosbtc|1.497e-05|1.513e-05|1.495e-05|1.498e-05|1585.61|0.0237199956|32|1.5e-05|110.0|1.504e-05|285.46
WOOUSDT|woousdt|0.39741|0.4162|0.39361|0.40536|2478917.6719642472|996245.722745|25067|0.40505|139.98|0.40586|246.74
JTOUSDT|jtousdt|2.0294|2.1727|2.0146|2.1193|1039773.4292894554|2149592.1186375|44082|2.1184|522.8644|2.1204|259.453
LSKUSDT|lskusdt|1.3463|1.3782|1.3382|1.3538|148341.8975|200699.32402216|7793|1.3529|65.0|1.3549|591.0
LIKEUSDT|likeusdt|0.046727|0.049965|0.0394|0.044417|1306786.4973981045|57805.4158637518|1026|0.044242|693.7476|0.044914|984.9429
POOLXUSDT|poolxusdt|5.438924|5.595978|5.435183|5.580151|87882.0623154319|481632.12007618195|10841|5.55382|5.1083|5.595978|0.1932192397956096
POWRBTC|powrbtc|7.93e-06|7.96e-06|7.51e-06|7.52e-06|1055.01221001221|0.00818211|28|7.45e-06|506.0|7.66e-06|182.0
AVAXUSDT|avaxusdt|40.187|41.6935|39.8446|41.3952|432660.0493975733|17510328.089412715|159098|41.3826|10.2059|41.3952|3.2781
HIVEUSDT|hiveusdt|0.3183|0.3205|0.3149|0.3192|3539.034618923315|1117.446666|35|0.3171|622.11|0.3208|50.0
GEARBOXUSDT|gearboxusdt|0.008532|0.009457|0.008008|0.008945|3685556.5632053716|30756.4631081142|1606|0.008619|8005.569|0.009346|2352.8277
CTXCUSDT|ctxcusdt|0.5672|0.5772|0.5562|0.5771|1268957.6162490263|712459.66045668|18091|0.5746|1043.2576|0.5787|0.0859
JOYUSDT|joyusdt|0.0126|0.0173|0.0126|0.0139|2029287.901666537|29884.41014216|1215|0.0139|12800.8402|0.0141|3416.0
PBRUSDT|pbrusdt|0.0615|0.0634|0.0595|0.0621|9987005.0145|609832.27018253|13578|0.0616|702.5526|0.0627|804.39
GBPUSDT|gbpusdt|1.245|1.257|1.241|1.249|168541.7|210207.9102|3611|1.243|78.6|1.256|31.9
ARBUSDT|arbusdt|2.0056|2.1088|1.989|2.0795|7241789.672779379|14763528.46366968|133679|2.0789|5.7|2.0799|72.32
FACEUSDT|faceusdt|3.46e-09|3.67e-09|3.37e-09|3.4e-09|84629703736848.88|293098.68680644024|2207|3.4e-09|3359609455.89|3.45e-09|37663334947.13
ADAUSDT|adausdt|0.555999|0.565435|0.54863|0.556578|47397546.28822784|26233800.100841444|161186|0.556345|52.7146|0.556784|53.5977
FILUSDT|filusdt|5.3772|5.5294|5.3296|5.5004|2142696.8760077846|11581012.25887768|142742|5.499|18.178|5.5015|20.0136
TRXBTC|trxbtc|2.5186e-06|2.5283e-06|2.4876e-06|2.5103e-06|1321392.4904953763|3.341021968676|2255|2.5091e-06|3629.79|2.5111e-06|4000.0
UNFIUSDT|unfiusdt|6.0789|6.2611|6.0789|6.2323|1352.5336|8349.17697476|42|6.2055|4.8356|6.2595|202.4804
CHADUSDT|chadusdt|1.38e-06|1.98e-06|1.25e-06|1.72e-06|786646129108.8296|1090024.1394220917|11182|1.7e-06|96610947.03|1.76e-06|21939770.58
ATMUSDT|atmusdt|2.5628|2.6213|2.5622|2.6198|11683.3667|30193.11589877|1640|2.5992|153.1287|2.6379|152.9463
WNXMUSDT|wnxmusdt|52.3503|56.2431|52.1842|55.4872|2208.7444|118649.29788844|2664|55.4075|0.1414|55.5112|0.0485
BOBAUSDT|bobausdt|0.26312|0.269|0.25775|0.25975|1983602.7294877975|519228.107755014|11939|0.25953|275.8|0.26|115.3846
NFPUSDT|nfpusdt|0.589214|0.60976|0.580512|0.592658|1358622.380559541|805690.4874831248|13925|0.591857|1510.8276|0.593369|1027.0646
AGLDUSDT|agldusdt|1.271|1.303|1.2623|1.2893|1519418.7758928023|1943010.16806916|17247|1.2881|9.1699|1.2903|31.5019
BERRYUSDT|berryusdt|0.000318|0.000345|0.000282|0.000283|311743820.812612|96925.1912741612|3008|0.000282|2244633.0129|0.000285|238118.7178
E1E2USDT|e1e2usdt|0.0|0.0|0.0|0.0|0.0|0.0|0|0.0|0.0|0.0|0.0
VEMPUSDT|vempusdt|0.008044|0.008505|0.008044|0.00807|10488.848|85.17418102|11|0.0077|1441.868|0.009038|3542.95
WANUSDT|wanusdt|0.2228|0.2308|0.2216|0.2301|1683953.410461902|378611.44502642|8184|0.2301|70.66|0.2305|370.05
BLZUSDT|blzusdt|0.3086|0.3316|0.308|0.3236|84937.0199737018|26970.84859434|271|0.3224|2897.15|0.3247|4817.15
FTTUSDD|fttusdd|1.8168|1.8764|1.783|1.8185|23237.5379|42038.56492775|317|1.8159|19.1591|1.8333|16.8545
PARADOXUSDT|paradoxusdt|0.000226|0.0003204|0.0002254|0.0002478|26188178.665505797|7011.02266071843|225|0.000233|50000.0|0.0002468|54982.5053
SWFTCETH|swftceth|1.1281e-06|1.163e-06|1.0419e-06|1.0791e-06|16607157.15|18.28480000829|1036|1.0685e-06|13723.24|1.0937e-06|5431.13
AXSUSDT|axsusdt|7.7925|7.9702|7.6705|7.7556|2661016.772931454|20664271.15602063|154091|7.7521|29.1557|7.7599|22.4145
SOFIUSDT|sofiusdt|0.0223|0.0226|0.0222|0.0223|2816056.8919|62717.91001225|2704|0.0222|900.9009|0.0226|1018.0796
LTCBTC|ltcbtc|0.001447|0.001467|0.00144|0.00145|393.0544|0.5698205318|154|0.001448|16.0|0.001452|13.5732
MLNUSDT|mlnusdt|17.9761|18.1978|17.863|18.0596|7991.5988|143409.566125|7807|17.9172|1.08|18.1805|24.9601
FSNUSDT|fsnusdt|0.1725|0.1763|0.1682|0.1716|379747.97385910054|65460.32880238|5297|0.1704|439.0|0.1716|63.5697
FTTUSDT|fttusdt|1.8166|1.8769|1.7694|1.825|1681296.1705966252|3057133.81689661|36472|1.822|28.4096|1.8284|54.7762
CAWUSDT|cawusdt|5.8657e-08|6.3532e-08|5.8611e-08|6.218e-08|4537116879752.804|276067.9859190598|10705|6.2003e-08|322580645.16|6.2397e-08|478143345.2
NODLUSDT|nodlusdt|0.004992|0.006376|0.004992|0.006117|10377293.46860173|60781.09972002278|3891|0.006077|4455.3271|0.006119|1736.4621
ONEUSDT|oneusdt|0.015746|0.0162|0.015585|0.015964|22460261.39415097|355332.1338061|7792|0.015965|85542.83|0.015997|6101.28
SYNUSDT|synusdt|0.7302|0.7638|0.73|0.7532|1533.0297|1116.449384|28|0.7637|20.8785|0.7763|129.0978
WOOFUSDT|woofusdt|0.000226|0.0002417|0.0002174|0.000232|76037824.49224217|17920.70606407607|74|0.0002319|933649.773|0.0002437|51701.8526
SUNBTC|sunbtc|1.482e-07|1.491e-07|1.459e-07|1.483e-07|11615028.92|1.729362449625|2017|1.481e-07|12202.84|1.484e-07|2375.4
KCALUSDT|kcalusdt|0.1444|0.1479|0.1408|0.1441|552137.5842403332|79635.33887481|1627|0.1426|383.0838|0.1462|525.13
TRX3LUSDT|trx3lusdt|0.0|0.0|0.0|0.0|0.0|0.0|0|0.0|0.0|0.0|0.0
FTMUSDT|ftmusdt|0.3945|0.4065|0.3902|0.4008|4474278.823905986|1771600.46140913|19039|0.4007|30.5376|0.401|3151.6743
NESTUSDT|nestusdt|0.003116|0.003279|0.003104|0.003279|126397.12767890478|403.60915785|17|0.003167|7509.22|0.003273|9400.0
WAVESUSDT|wavesusdt|2.1912|2.2478|2.1727|2.247|1362714.17008123|3012939.99421333|27493|2.2466|7.0|2.2469|103.81
UNIUSDT|uniusdt|6.6973|6.8812|6.6359|6.8065|2435644.1775427633|16422066.58204712|69688|6.8025|52.6965|6.8114|45.0508
SKEBUSDT|skebusdt|0.001516|0.001527|0.00143|0.001455|130806519.57990704|197048.4523847493|7311|0.00145|65919.5121|0.001461|33857.6638
KCALUSDD|kcalusdd|0.1441|0.1482|0.142|0.1452|256354.404|37048.41181519|1121|0.1428|518.5208|0.147|82.3893
BREEDUSDT|breedusdt|0.04086|0.0432|0.04063|0.04265|1588354.0426410562|65883.725220241|1434|0.04254|2202.4947|0.04305|1940.7447
MUDOL2USDT|mudol2usdt|0.01334|0.01365|0.01221|0.01311|46246261.70946221|613527.9845663678|13682|0.01303|2429.7393|0.01319|2411.0952
GMPDUSDT|gmpdusdt|0.0165|0.016736|0.0164|0.016428|3298802.0071039572|54277.31510408|3082|0.016418|1841.71|0.016437|1210.24
TDXUSDT|tdxusdt|0.0228|0.0236|0.0223|0.0227|1296581.1817|29406.21082781|2504|0.0226|9.5802|0.0227|227.0882
XYOUSDT|xyousdt|0.005866|0.006619|0.005862|0.006258|6562101.464005426|39892.8147334851|1819|0.006235|15000.0|0.006288|4762.1438
NOIAUSDT|noiausdt|0.1683|0.1989|0.1623|0.1829|3602542.300782038|623809.5433173|13975|0.1813|138.2892|0.1847|859.7312
DEXEUSDT|dexeusdt|3.0757|3.1415|3.0479|3.1086|124907.59516148013|384121.85867887|8567|3.0903|31.2549|3.1254|32.1166
QUICKUSDT|quickusdt|0.064749|0.071008|0.055915|0.068955|10883487.482771486|645784.4656377356|23772|0.068175|2172.0655|0.069638|718.0
ENSUSDT|ensusdt|22.1078|23.283|21.8041|22.3626|125860.71272094993|2799089.53542062|57627|22.3425|1.9586|22.3843|63.6474
DESOUSDT|desousdt|41.5277|44.9|40.2819|43.355|39186.585854568264|1626235.8125143677|16084|43.3036|0.1467|43.4064|0.3948
CKBUSDT|ckbusdt|0.004891|0.007737|0.004784|0.007359|69788775.83415706|471058.83922397|3404|0.007314|3000.0|0.007356|10000.0
WMTUSDT|wmtusdt|0.1658|0.168|0.1628|0.1659|6099069.723763426|1002133.07847128|10599|0.1657|242.0746|0.1659|753.5668
INGUSDT|ingusdt|0.0002479|0.0002568|0.0002404|0.0002562|694674073.9463156|173192.46125271235|5500|0.0002542|39339.1031|0.0002571|58343.0572
KNCUSDT|kncusdt|0.6094|0.6375|0.6079|0.6336|6674866.369884255|4151416.03693378|69001|0.6335|724.72|0.6341|1016.82
MANTAUSDT|mantausdt|2.803|2.9499|2.7603|2.8424|24434000.559119664|69596430.8991678|85741|2.8411|193.4502|2.8438|169.5322
LINKBTC|linkbtc|0.00040636|0.00041818|0.00040228|0.00040335|1283.3728376075703|0.5267349622|228|0.00040242|100.0|0.00040328|100.0
TOPUSDT|topusdt|0.000363|0.000371|0.000354|0.000356|2201525117.94478|801656.5673045323|11348|0.000354|8405711.5715|0.000359|183525.0295
APEDUSDT|apedusdt|0.384|0.4146|0.3788|0.409|533920.2560949682|208609.02348783|4549|0.402|1209.2739|0.4145|44.1355
TTUSDT|ttusdt|0.004198|0.004296|0.004118|0.00426|97248542.0|409322.53993665|4952|0.004269|189156.47|0.004271|15197.96
CVXUSDT|cvxusdt|3.1961|3.4|3.185|3.3519|88631.35492968948|291984.36521936|7745|3.3348|447.5016|3.3651|100.463
AUCTIONUSDT|auctionusdt|28.2244|29.1335|27.6601|28.0981|144552.21868823067|4069892.84444278|160979|28.0731|34.384|28.122|0.6017
EVMOSUSDT|evmosusdt|0.0726|0.0806|0.0717|0.077|7938048.436753967|587855.5767434323|13019|0.0759|1140.972|0.0781|1198.8679
WENUSDT|wenusdt|5.66e-05|8.27e-05|5.63e-05|7.49e-05|102110773888.10004|6802506.986301608|54592|7.48e-05|1865386.99|7.5e-05|726004.01
SHIBUSDT|shibusdt|9.42e-06|9.72e-06|9.38e-06|9.62e-06|31434736147.91359|298711.0900254721|2245|9.61e-06|177908246.51|9.62e-06|341737636.97
SRMUSDT|srmusdt|0.0456|0.0495|0.0439|0.0471|12481923.488662746|585958.22820534|16510|0.0469|550.5364|0.0476|497.6794
LTCUSDT|ltcusdt|72.17|75.0|71.68|72.61|18950.018382233826|1371240.2712108085|4596|72.56|87.6745|72.61|0.237
QTUMUSDT|qtumusdt|3.0257|3.0793|3.0133|3.0587|574323.3134584323|1745267.16773036|34280|3.0557|42.2654|3.0585|3.94
HUNTUSDT|huntusdt|0.3491|0.4004|0.3389|0.3501|1252645.273517787|439932.09124079|9793|0.3452|367.2329|0.355|245.258
ETNUSDT|etnusdt|0.00259|0.002628|0.002376|0.002544|322930061.6494148|810404.3537933927|10172|0.002519|17562.1442|0.002565|48579.0198
EMUSDT|emusdt|0.000848|0.000856|0.000841|0.000851|62717571.99792936|52706.12437097|1484|0.000846|526082.24|0.000861|42617.03
XCHUSDT|xchusdt|31.497|33.3752|31.4854|33.1369|388094.4992677102|12584976.50384276|155651|33.097|3.9143|33.1956|13.3188
HIFIUSDT|hifiusdt|0.6486|0.6566|0.6185|0.6233|950755.7606|604934.06238178|12706|0.6191|803.6893|0.6309|695.7801
BTCGBP|btcgbp|37750.04|38500.01|37750.02|38500.01|0.00372|143.2853383|12|38500.01|0.00018|41899.99|0.01034
OGUSDT|ogusdt|4.9086|4.9492|4.8426|4.9067|61803.77128624036|302673.09016946|8259|4.8997|2.4|4.9061|8.6861
BAKEUSDT|bakeusdt|0.3519|0.3972|0.349|0.38|12854454.90451698|4750058.94580462|42975|0.38|352.9283|0.3808|2844.8111
GLMRUSDT|glmrusdt|0.3771|0.4076|0.3745|0.4033|865575.5071133465|334824.46092224|6723|0.4014|2327.0847|0.402|2327.0847
MBLUSDT|mblusdt|0.003961|0.003983|0.0039|0.003962|8150930.9387|32252.8825489958|1724|0.003945|25085.8397|0.00398|47025.0521
WEMIXUSDT|wemixusdt|2.1967|2.25|2.1967|2.2282|8633.8162|19299.58344371|161|2.2104|15.7409|2.2285|13.4627
SWAPUSDT|swapusdt|0.2244|0.2254|0.2197|0.2241|163970.681|36893.28635618|729|0.2235|112.3858|0.2244|310.9987
LBPUSDT|lbpusdt|0.0009595|0.000982|0.0009593|0.0009785|164941296.503161|159935.48444108828|2011|0.0009784|96704.8952|0.000982|12457.2192
ETCBTC|etcbtc|0.000531|0.000544|0.000528|0.000537|463.4925|0.2488066889|65|0.000538|100.0|0.00054|50.5355
BABYDOGEUSDT|babydogeusdt|1.184e-09|1.22e-09|1.175e-09|1.208e-09|1191311000506768.0|1424012.4535864808|40183|1.204e-09|175126219541.81|1.212e-09|126438730928.24
H6H6X6Z7|h6h6x6z7|0.0081|0.0081|0.0081|0.0081|0.0|0.0|0|0.0|0.0|2.72|1.26
PAALUSDT|paalusdt|0.1865|0.21|0.1677|0.1818|3573739.7226948515|662290.7954458096|12753|0.1814|118.2618|0.1822|867.1144
TOMSUSDT|tomsusdt|0.00105|0.00107|0.001043|0.001055|51230588.7799|53960.8609266942|718|0.001044|9557.3558|0.001066|24380.8375
SKLUSDT|sklusdt|0.07916|0.081341|0.078514|0.079534|9294020.274471233|738865.4202200474|19608|0.07955|1883.237|0.07967|1173.3114
SEANUSDT|seanusdt|0.002056|0.003|0.0019|0.001939|41596356.15483387|84276.22329491407|1578|0.001938|10325.2452|0.001998|6869.7321
OXTUSDT|oxtusdt|0.1016|0.1038|0.1015|0.1037|181498.386|18569.2204706|696|0.1037|25455.7526|0.1038|123.962
MINAUSDT|minausdt|1.4227|1.4424|1.3603|1.4012|1940853.7598893319|2704785.28610092|43435|1.4013|12.3878|1.402|522.1293
WBTUSDT|wbtusdt|6.5612|6.586|6.5216|6.5734|182661.3173|1196437.1857713|6521|6.5571|4.8136|6.5829|10.4974
FIROUSDT|firousdt|1.6112|1.6372|1.5454|1.6161|18811.46156334371|30280.80275254|1659|1.6083|247.5921|1.6208|100.0
ZBCUSDT|zbcusdt|0.010027|0.010188|0.009885|0.010016|627030034.6550033|6293178.557629533|54200|0.010008|8347.0578|0.010027|9890.8781
GRVUSDT|grvusdt|0.0881|0.0902|0.0868|0.0873|403463.35246923077|35662.03758009|992|0.0869|5927.3613|0.0873|665.4348
ICPUSDT|icpusdt|13.18|13.49|13.02|13.3|233981.55674330963|3074511.09272756|17286|13.29|115.5193|13.31|116.8666
ALGOUSDT|algousdt|0.1799|0.1854|0.1788|0.1807|4963776.082573487|897870.89308912|6863|0.1807|62.71|0.1808|10720.75
JUVUSDT|juvusdt|2.3379|2.3781|2.1563|2.3781|14539.3769|33808.78161351|1691|2.3572|12.7267|2.3969|417.2055
MCRTUSDT|mcrtusdt|0.002128|0.002207|0.002127|0.002182|33477603.234927185|72389.3948394682|2675|0.002175|26550.18|0.00219|9381.3797
ETHTUSD|ethtusd|2708.46|2708.46|2708.46|2708.46|0.0238|62.334439|3|1726.66|0.0319|2810.06|0.025
ZUZALUUSDT|zuzaluusdt|0.002811|0.003156|0.002778|0.003045|123059525.39003809|362476.24633835955|8469|0.003032|20478.4663|0.003041|25947.1413
SMCWUSDT|smcwusdt|0.00681|0.00751|0.00665|0.007|4436489.024356043|30747.661657986|1048|0.0069|23236.2883|0.00707|2960.1954
BNTUSDT|bntusdt|0.779|0.7994|0.7758|0.7903|258442.02|202994.254744|7752|0.7889|1050.44|0.7912|935.67
ELFBTC|elfbtc|1.236e-05|1.236e-05|1.209e-05|1.209e-05|649.0|0.00793001|16|1.201e-05|294.0|1.214e-05|174.0
XETAUSDT|xetausdt|0.011674|0.011998|0.011632|0.011855|9113174.746262912|106518.0210374771|2834|0.011783|21612.6395|0.011926|1943.3591
IOTXUSDT|iotxusdt|0.044296|0.045894|0.044249|0.045814|44593.13051605943|2001.21824566|36|0.045603|7259.53|0.045695|9259.53
SISUSDT|sisusdt|0.3543|0.3642|0.3516|0.3578|6361751.232721734|2262424.27726532|25109|0.3559|228.9272|0.3602|1030.9339
UMAUSDT|umausdt|4.663|4.7295|4.3172|4.3236|378499.3613354048|1692327.66704949|44897|4.3171|303.4287|4.3315|161.2661
TIAUSDT|tiausdt|19.7163|20.0661|19.3311|19.75|372037.66357924684|7275282.12670381|83769|19.7241|3.1965|19.7739|88.4664
BNBUSDT|bnbusdt|322.03|331.9|320.88|326.68|77282.07722060959|25112037.5345761|79300|326.66|0.3442|326.67|0.2504
O3USDT|o3usdt|0.0517|0.0578|0.0517|0.0563|527284.1|28037.79238|1406|0.0551|1143.7|0.0578|732.46
A3B4X8Z9|a3b4x8z9|0.909|0.909|0.909|0.909|0.0|0.0|0|0.0|0.0|1222.0|1.0
H2OUSDT|h2ousdt|0.154564|0.157885|0.151297|0.155107|435019.15024752263|66670.1079318863|1468|0.153835|134.0426|0.157885|141.1522
USDTRUB|usdtrub|91.04|94.07|89.0|91.99|8240.6199561645|750630.93248173|119|90.76|6.3|91.99|47.9
DFUSDT|dfusdt|0.0423|0.043|0.0419|0.0426|794477.6007540522|33521.483503|1438|0.0423|6850.79|0.043|7668.78
ERGUSDT|ergusdt|1.2439|1.355|1.2412|1.2908|60741.338832094916|77554.53174903005|1686|1.2911|69.9941|1.312|12.66
SPAUSDT|spausdt|0.009944|0.0115|0.009455|0.009947|3771952.22349909|37819.81279436|1741|0.009802|5079.3|0.01008|4418.75
REVVUSDT|revvusdt|0.011237|0.012203|0.01099|0.011535|45762951.25010831|534961.8843091842|11919|0.011421|1646.4689|0.011629|902.0216
BETHETH|betheth|0.9996|1.0005|0.9948|0.9949|16.3857|16.36686516|809|0.9949|0.0958|0.9982|0.244
ANMLUSDT|anmlusdt|0.000508|0.00051|0.000474|0.000494|1235568702.4319084|601628.2794462381|13353|0.000495|192362.6238|0.000496|30241.9354
ZEROUSDT|zerousdt|0.3903|0.4466|0.3841|0.4083|2635996.646524501|1056862.4172457|18114|0.4033|376.243|0.4138|27.3598
SNXUSDT|snxusdt|3.4877|3.6672|3.4607|3.6109|169172.77758637024|601671.11061215|16331|3.6077|465.62|3.6137|470.26
DCRUSDT|dcrusdt|16.2327|17.1812|16.0823|16.5279|1999.0071|32670.92870208|1635|16.4891|6.0541|16.5586|6.0532
LMWRUSDT|lmwrusdt|0.4801|0.498|0.4759|0.4884|40499889.63850308|19931589.277507477|71704|0.4873|22.0|0.4898|62.4576
PERPUSDT|perpusdt|1.1151|1.2479|1.1058|1.1955|200890.34968945687|233489.34840499|7787|1.1869|768.8693|1.2073|14.413
PEPEUSDT|pepeusdt|1.027393e-06|1.133333e-06|1.020276e-06|1.114858e-06|17420465551000.3|18636915.656534463|85828|1.114224e-06|44886905.16|1.115492e-06|129642027.04
SUIUSDT|suiusdt|1.7799|1.816|1.727|1.8089|9589933.072240662|17017439.52242018|153352|1.8072|1222.7536|1.8103|767.3861
CAUSDT|causdt|0.6389|0.6557|0.6356|0.6451|5103082.7482|3282525.82198296|60653|0.6446|57.2251|0.6457|317.0858
SPSUSDT|spsusdt|0.013339|0.014128|0.01332|0.01332|21521.6295|298.3486182724|15|0.013792|2523.2018|0.014497|1257.7892
COMPUSDT|compusdt|55.29|57.83|55.16|57.44|68742.05075996617|3860015.36026131|33623|57.42|13.135938|57.47|3.572203
WTCUSDT|wtcusdt|0.0141|0.0148|0.0119|0.013|10207026.55738459|134505.08783015|6046|0.0129|6956.9302|0.0133|1666.8662
BSSBUSDT|bssbusdt|0.7646|1.0|0.7646|0.8944|1413875.0916041755|1213974.29882645|13981|0.8751|37.0579|0.9151|61.077
HBARUSDT|hbarusdt|0.078529|0.081958|0.078055|0.081657|19496716.88886861|1549415.86832244|22271|0.081604|192.3|0.081684|547.39
SWEATUSDT|sweatusdt|0.010253|0.010461|0.01025|0.010423|518499471.3317|5362509.724102067|70216|0.010399|16268.24|0.010448|16335.0
RVNUSDT|rvnusdt|0.019918|0.020214|0.019733|0.019999|83929120.84532027|1670249.17117376|41716|0.019996|2261.09|0.020005|564.98
TONUSDT|tonusdt|2.299|2.3072|2.2093|2.2964|569496.8662338094|1293240.681240764|18816|2.2888|44.1912|2.3029|13.9159
TENETUSDT|tenetusdt|0.10371|0.111283|0.097017|0.097017|809924.1279006691|83981.1876045905|1600|0.096454|1250.0|0.097017|89.2746
LHINUUSDT|lhinuusdt|1.312e-05|1.438e-05|1.307e-05|1.428e-05|50542725463.60604|687621.3335874866|6917|1.42e-05|813103.67|1.43e-05|359708.65
ABBCUSDT|abbcusdt|0.03322|0.0349|0.033|0.0339|26671698.1426|900253.050112391|1432|0.03377|4806.6531|0.03394|4000.0
MDXUSDT|mdxusdt|0.04|0.041|0.0398|0.0402|19798420.30397612|797562.476639|8035|0.0401|5701.56|0.0404|5989.052376237623
OCTUSDT|octusdt|0.2843|0.304|0.2836|0.2977|661871.1518073587|195569.43770178|4377|0.2936|235.0136|0.3029|44.1536
ABBCUSDD|abbcusdd|0.03318|0.03505|0.03277|0.03403|22411184.4795|755766.840268719|947|0.03351|7532.9923|0.03408|2570.9075
SATSUSDT|satsusdt|4.385e-07|4.925e-07|4.277e-07|4.767e-07|3315723091521.242|1534897.2654231566|16533|4.765e-07|330720363.52|4.77e-07|1724303094.17
KSMUSDT|ksmusdt|42.5702|44.6899|42.0301|43.5794|47050.969137619395|2031477.62464834|56500|43.5636|45.164|43.5794|0.69
IGUUSDT|iguusdt|0.0294|0.0312|0.029|0.0297|27189137.302860748|806361.4592048|15561|0.0296|2312.3356|0.0298|879.3263
THETAUSDT|thetausdt|1.0426|1.089|1.0349|1.0815|2211021.1182863996|2345382.00046529|33337|1.0812|864.7414|1.0817|2402.1314
ANTUSDT|antusdt|6.4964|6.832|6.4196|6.7603|206606.8291176017|1365945.07407349|34554|6.7582|20.49|6.7638|14.57
BOXUSDT|boxusdt|0.000198|0.000198|0.000185|0.000189|6652374.6419|1274.5496672704|48|0.000189|507749.559|0.000195|616719.5467
MXCUSDT|mxcusdt|0.008828|0.00914|0.008817|0.009049|57101515.68|511830.74425695|27939|0.008982|2938.01|0.009116|3594.79
PANDOUSDT|pandousdt|0.002043|0.002235|0.002026|0.002142|249553723.79158032|520453.5178513293|28328|0.002109|74753.6351|0.002174|40285.1058
MATICUSDT|maticusdt|0.860129|0.885528|0.85425|0.878269|15748856.775512112|13616040.879424496|56553|0.878104|44.0|0.878438|414.7499
API3USDT|api3usdt|3.8053|3.8502|3.5153|3.5334|112651.94776865628|415262.20817907|8213|3.5218|203.2211|3.5453|203.2211
FUDUSDT|fudusdt|10.6188|10.7222|10.5259|10.5786|23660.30733631804|251784.56847914|4393|10.5018|2.441|10.655|4.4702
RSS3USDT|rss3usdt|0.1363|0.1455|0.1348|0.14|1408125.3174|196495.15103024|7629|0.1392|407.0881|0.1409|1204.0385
XPLAUSDT|xplausdt|0.206|0.207|0.201|0.2037|26444.1667|5440.83495265|125|0.2037|0.7124|0.2041|1865.9731
KAIUSDT|kaiusdt|0.005675|0.005819|0.005614|0.005653|5372145.615|30584.5468469478|1658|0.005612|3542.9583|0.005705|1853.8187
BANDUSDT|bandusdt|1.9262|1.9644|1.9079|1.9368|103513.52273781254|199942.10922667|7513|1.9344|5.67|1.9375|524.6
USDTUAH|usdtuah|44.3|45.0|44.3|44.9|146.90749202206678|6556.980109761197|40|44.9|4.4|45.12|1.9
A3B4X6Z7|a3b4x6z7|0.12663|0.12663|0.12663|0.12663|0.0|0.0|0|0.12663|7.0|0.19780399|3.21
SOLUSDT|solusdt|108.8648|115.0|107.5398|114.1349|298278.28299369535|32960681.89200712|150120|114.1175|0.59|114.1496|0.18
AUDIOUSDT|audiousdt|0.1949|0.2019|0.1938|0.2001|1757866.5720000798|346469.47777515|7526|0.2002|111.5683|0.2003|282.0534
DODOUSDT|dodousdt|0.1622|0.1711|0.1622|0.1682|32432.196455716537|5377.5473245|42|0.1676|3591.4165|0.1688|4117.6006
CBKUSDT|cbkusdt|0.7712|0.7836|0.767|0.778|1468025.7678|1136736.28386593|13639|0.7741|188.2816|0.783|40.65
ALIUSDT|aliusdt|0.023631|0.025466|0.023133|0.023924|32205321.92391764|767639.477224828|12049|0.023872|3603.2967|0.023943|1283.1869
ROCOUSDT|rocousdt|0.2375|0.2508|0.2308|0.2346|228342.5805884725|54592.89405665|2901|0.2342|46.967|0.2372|211.2386
TURBOUSDT|turbousdt|0.00033291|0.00035271|0.00032198|0.00034206|5148243278.751158|1739754.915064742|43760|0.00034138|41894.12|0.00034283|250380.22
UFTUSDT|uftusdt|0.4357|0.4519|0.4336|0.4351|1382621.9968923721|605438.16210489|13333|0.4341|895.0241|0.4359|384.5789
CREUSDT|creusdt|0.005206|0.0057|0.005053|0.005312|13843946.06|73444.52250283|1485|0.005305|140.96|0.00532|8469.09
STCUSDT|stcusdt|0.4665|0.4791|0.4605|0.4685|181872.27632529603|85215.06309096|2918|0.4666|79.5915|0.4705|1840.9073
MUSKUSDT|muskusdt|0.00052438|0.00061944|0.00050697|0.0005767|1077938768.8793411|607180.6641750963|28093|0.00057019|89707.04|0.00058324|41765.78
ZCXUSDT|zcxusdt|0.0849|0.0902|0.0847|0.0899|14418307.4542|1263752.27972276|28235|0.0897|198.8899|0.0903|726.2556
LAIUSDT|laiusdt|0.010559|0.010806|0.010366|0.010611|50542543.73649148|534648.1553666439|13809|0.010579|2732.6118|0.010654|1463.7659
BTCBRL|btcbrl|231518.27|231518.27|231518.27|231518.27|0.00419|970.0615513|1|240580.39|0.00914|274559.58|0.0073
ARVUSDT|arvusdt|3.015e-05|3.148e-05|3e-05|3.058e-05|1274526280.3602993|38644.8828974276|2296|3.05e-05|377049.18|3.06e-05|375816.99
SOULUSDT|soulusdt|0.0032|0.0033|0.0029|0.0029|6933283.967|21689.50559196|961|0.0029|79683.5315|0.003|13366.5012
RENUSDT|renusdt|0.059108|0.060984|0.058721|0.060557|46683667.67746744|2786231.68886978|78687|0.060558|495.42|0.060579|6784.92
AGIXUSDT|agixusdt|0.2999|0.3155|0.2978|0.3118|27867314.155046243|8527721.01530233|78300|0.3116|7464.1483|0.3122|38.6456
COREUSDT|coreusdt|0.524234|0.5364|0.519904|0.527956|2958744.3462736416|1557247.911296763|17991|0.527396|223.8902|0.52831|221.4092
